condition_concept_id,concept_name,occurrences,frequency
4233565,Severe protein-calorie malnutrition (Gomez: less than 60 percent of standard weight),120,0.06514657980456026
436078,Malnutrition of moderate degree (Gomez: 60 percent to less than 75 percent of standard weight),12,0.006514657980456026
4156515,Malnutrition (calorie),61,0.03311617806731813
435788,Disorder of phosphorus metabolism,101,0.054831704668838216
437828,Disorder of calcium metabolism,10,0.0054288816503800215
437833,Hypokalemia,178,0.09663409337676439
433740,Immunodeficiency disorder,95,0.05157437567861021
432596,Immune defect,30,0.016286644951140065
374915,Localization-related epilepsy,12,0.006514657980456026
372309,Mononeuritis,47,0.025515743756786103
316993,Tricuspid valve disorder,41,0.02225841476655809
433208,Disorder of pulmonary circulation,26,0.014115092290988056
314379,First degree atrioventricular block,79,0.04288816503800217
443587,Diastolic heart failure,25,0.013572204125950055
40479576,Chronic diastolic heart failure,81,0.043973941368078175
40481043,Acute on chronic diastolic heart failure,36,0.019543973941368076
316139,Heart failure,162,0.08794788273615635
437312,Bleeding,75,0.04071661237785016
438791,Pulmonary congestion and hypostasis,103,0.05591748099891422
252662,Tracheobronchial disorder,13,0.007057546145494028
198124,Kidney disease,34,0.018458197611292075
79864,Hematuria syndrome,113,0.061346362649294245
75004,Frank hematuria,29,0.015743756786102063
80767,Breast lump,58,0.031487513572204126
201909,Female infertility,21,0.011400651465798045
444094,Finding related to pregnancy,150,0.08143322475570032
440457,Threatened miscarriage,22,0.011943539630836048
4041280,Postpartum finding,31,0.016829533116178068
439393,Pre-eclampsia,13,0.007057546145494028
444114,Maternal AND/OR fetal condition affecting labor AND/OR delivery,80,0.04343105320304017
4060424,"Mental disorders during pregnancy, childbirth and the puerperium",20,0.010857763300760043
43530950,Complication occurring during pregnancy,65,0.03528773072747014
42872398,"Maternal obesity complicating pregnancy, childbirth and the puerperium, antepartum",11,0.005971769815418024
77619,Reduced fetal movement,19,0.01031487513572204
433270,Cord entanglement without compression,31,0.016829533116178068
257628,Systemic lupus erythematosus,43,0.023344191096634093
321109,Congenital anomaly of coronary artery,17,0.009229098805646038
312723,Congenital heart disease,22,0.011943539630836048
438867,Generalized aches and pains,51,0.02768729641693811
438567,Adult failure to thrive syndrome,67,0.03637350705754615
435642,Disturbance in speech,22,0.011943539630836048
315078,Palpitations,144,0.0781758957654723
77987,Respiratory finding of chest,17,0.009229098805646038
197988,Generalized abdominal pain,161,0.08740499457111835
200528,Ascites,184,0.0998914223669924
132736,Bacteremia,105,0.057003257328990226
75650,Proteinuria,45,0.024429967426710098
4167864,Effect of exposure to physical force,11,0.005971769815418024
40482236,Dehiscence of internal surgical wound,18,0.009771986970684038
434281,Aspergillosis,15,0.008143322475570033
4001171,Liver cell carcinoma,14,0.00760043431053203
376647,Primary malignant neoplasm of soft tissues,21,0.011400651465798045
137809,Primary malignant neoplasm of female breast,58,0.031487513572204126
380055,Primary malignant neoplasm of brain,12,0.006514657980456026
439392,Primary malignant neoplasm,73,0.039630836047774155
46270513,Secondary malignant neoplasm of right lung,27,0.014657980456026058
78097,Secondary malignant neoplasm of bone,76,0.04125950054288816
132277,Neoplasm of uncertain behavior of endocrine glands and nervous system,18,0.009771986970684038
36713112,Pancytopenia due to antineoplastic chemotherapy,61,0.03311617806731813
40321716,Secondary thrombocytopenia,86,0.04668838219326819
320073,Neutropenia,64,0.03474484256243214
440371,Disorder of immune function,72,0.03908794788273615
141253,Disorder of thyroid gland,36,0.019543973941368076
433163,Deficiency of macronutrients,49,0.026601520086862108
4098604,Hypomagnesemia,63,0.03420195439739414
434610,Hyperkalemia,152,0.08251900108577633
434004,Hypervolemia,160,0.08686210640608034
435521,Psychophysiologic disorder,13,0.007057546145494028
443615,Refractory migraine,16,0.008686210640608035
318736,Migraine,106,0.05754614549402823
44784631,Pain due to neoplastic disease,87,0.04723127035830619
4322945,Spinal cord compression,10,0.0054288816503800215
4195677,Rheumatic tricuspid valve regurgitation,39,0.021172638436482084
317895,Renovascular hypertension,29,0.015743756786102063
443771,Renal hypertension,18,0.009771986970684038
440417,Pulmonary embolism,68,0.03691639522258415
4013643,Pulmonary arterial hypertension,22,0.011943539630836048
4339214,Secondary pulmonary hypertension,38,0.02062975027144408
4124693,Hypertrophic cardiomyopathy,26,0.014115092290988056
321319,Cardiomyopathy,96,0.05211726384364821
320744,Complete atrioventricular block,38,0.02062975027144408
4275423,Supraventricular tachycardia,127,0.06894679695982628
314665,Atrial flutter,97,0.05266015200868621
4229440,Chronic congestive heart failure,85,0.046145494028230184
44782719,Chronic combined systolic and diastolic heart failure,65,0.03528773072747014
321588,Heart disease,77,0.041802388707926165
44782747,Acute deep venous thrombosis of femoral vein,19,0.01031487513572204
44782743,Acute deep venous thrombosis of popliteal vein,17,0.009229098805646038
4327889,Thromboembolism of vein,27,0.014657980456026058
260139,Acute bronchitis,70,0.038002171552660155
256439,Allergic rhinitis due to pollen,49,0.026601520086862108
254068,Disorder of upper respiratory system,14,0.00760043431053203
4188331,Chronic pulmonary edema,143,0.07763300760043432
443392,Malignant neoplastic disease,85,0.046145494028230184
253796,Pneumothorax,151,0.08197611292073832
3656064,Pneumothorax due to and following procedure,28,0.01520086862106406
4148486,Postprocedural respiratory failure,12,0.006514657980456026
196724,Disorder of diaphragm,29,0.015743756786102063
46272242,Intestinal obstruction co-occurrent and due to decreased peristalsis,60,0.03257328990228013
4070750,Drug-induced constipation,46,0.0249728555917481
73840,"Localized, primary osteoarthritis of the shoulder region",51,0.02768729641693811
77074,Joint pain,153,0.08306188925081433
134442,Systemic sclerosis,13,0.007057546145494028
72418,Scoliosis deformity of spine,56,0.03040173724212812
4117695,Pain in left lower limb,82,0.04451682953311618
376208,Disorder of soft tissue,142,0.07709011943539631
4177206,Tubulointerstitial nephritis,30,0.016286644951140065
443597,Chronic kidney disease stage 3,156,0.08469055374592833
193782,End-stage renal disease,94,0.051031487513572206
199075,Neurogenic bladder,24,0.013029315960912053
433527,Endometriosis (clinical),17,0.009229098805646038
192683,Uterovaginal prolapse,14,0.00760043431053203
40490888,Herniation of rectum into vagina,15,0.008143322475570033
197610,Cyst of ovary,58,0.031487513572204126
200779,Polyp of corpus uteri,23,0.01248642779587405
201078,Atrophic vaginitis,46,0.0249728555917481
76482,Missed miscarriage,13,0.007057546145494028
4188598,High risk pregnancy,89,0.048317046688382194
4239938,First trimester pregnancy,59,0.03203040173724213
4244438,Second trimester pregnancy,69,0.03745928338762215
4218813,Third trimester pregnancy,112,0.06080347448425624
441085,Elderly primigravida,31,0.016829533116178068
321074,"Pre-existing hypertension complicating pregnancy, childbirth and puerperium",10,0.0054288816503800215
4167493,Pregnancy-induced hypertension,11,0.005971769815418024
4118910,Maternal hypertension,13,0.007057546145494028
439658,Disorder of pregnancy,86,0.04668838219326819
4025198,Hemorrhagic complication of pregnancy,25,0.013572204125950055
440795,Complication occurring during labor and delivery,61,0.03311617806731813
4024659,Gestational diabetes mellitus,27,0.014657980456026058
45757124,Gestational diabetes mellitus in childbirth,21,0.011400651465798045
4062790,"Disease of the digestive system complicating pregnancy, childbirth and/or the puerperium",20,0.010857763300760043
194101,Uterine size for dates discrepancy,16,0.008686210640608035
437688,Abnormal findings on antenatal screening of mother,20,0.010857763300760043
74104,Fetal condition affecting obstetrical care of mother,43,0.023344191096634093
196758,Tumor of body of uterus affecting pregnancy,11,0.005971769815418024
4060556,"Uterine scar from previous surgery in pregnancy, childbirth and the puerperium",36,0.019543973941368076
197050,Abnormality of organs AND/OR soft tissues of pelvis affecting pregnancy,14,0.00760043431053203
36712695,Suspected fetal abnormality affecting management of mother,36,0.019543973941368076
72693,Poor fetal growth affecting management,17,0.009229098805646038
4021397,Chorioamnionitis,14,0.00760043431053203
434089,Antepartum hemorrhage,24,0.013029315960912053
36712703,Preterm labor without delivery,10,0.0054288816503800215
197343,First degree perineal laceration,21,0.011400651465798045
198492,Second degree perineal laceration,43,0.023344191096634093
443247,Labor and delivery complicated by fetal heart rate anomaly,50,0.02714440825190011
4063306,Labor and delivery complication by meconium in amniotic fluid,17,0.009229098805646038
441641,Delivery normal,30,0.016286644951140065
4099889,Anemia of pregnancy,18,0.009771986970684038
4062791,"Endocrine, nutritional and metabolic disease complicating pregnancy, childbirth and puerperium",22,0.011943539630836048
435875,"Complication of pregnancy, childbirth and/or puerperium",61,0.03311617806731813
441364,Complication of the puerperium,22,0.011943539630836048
4330445,Pleuritic pain,52,0.02823018458197611
4180628,Disorder of body system,82,0.04451682953311618
4182562,Lower abdominal pain,54,0.029315960912052116
193322,Right lower quadrant pain,82,0.04451682953311618
4152351,"Abdominal distension, gaseous",134,0.0727470141150923
192735,Malignant ascites,24,0.013029315960912053
4152347,Drowsy,35,0.019001085776330078
4329041,Pain,105,0.057003257328990226
37396808,Cancer-related fatigue,26,0.014115092290988056
377091,Seizure,81,0.043973941368078175
4168700,Localized enlarged lymph nodes,145,0.07871878393051031
4171917,Localized edema,145,0.07871878393051031
436246,Reduced libido,15,0.008143322475570033
4214376,Hyperglycemia,127,0.06894679695982628
436238,Elevated level of transaminase and lactic acid dehydrogenase,58,0.031487513572204126
40484102,Abnormal finding on evaluation procedure,85,0.046145494028230184
435081,Abnormal findings diagnostic imaging heart+coronary circulat,42,0.02280130293159609
443575,Disorder of transplanted heart,17,0.009229098805646038
4120090,Cardiac transplant rejection,12,0.006514657980456026
4014295,Single live birth,142,0.07709011943539631
42539502,Transplanted kidney present,44,0.023887079261672096
42538117,Transplanted heart present,26,0.014115092290988056
4201387,Tracheostomy present,20,0.010857763300760043
440897,Motor vehicle accident victim,16,0.008686210640608035
4307820,Unplanned pregnancy,74,0.04017372421281216
4266517,"Gestation period, 13 weeks",27,0.014657980456026058
4248725,"Gestation period, 14 weeks",11,0.005971769815418024
4283690,"Gestation period, 15 weeks",11,0.005971769815418024
434484,"Gestation period, 30 weeks",23,0.01248642779587405
438543,"Gestation period, 36 weeks",44,0.023887079261672096
442355,"Gestation period, 37 weeks",38,0.02062975027144408
443871,"Gestation period, 38 weeks",46,0.0249728555917481
435655,"Gestation period, 39 weeks",67,0.03637350705754615
444098,"Gestation period, 40 weeks",23,0.01248642779587405
44808984,Acquired absence of spleen,21,0.011400651465798045
4201388,Gastrostomy present,36,0.019543973941368076
4201717,Ileostomy present,17,0.009229098805646038
4201390,Colostomy present,25,0.013572204125950055
42539698,Transplanted lung present,32,0.01737242128121607
42537742,Transplanted liver present,23,0.01248642779587405
42538119,Transplanted heart valve present,78,0.04234527687296417
46273390,Dependence on respirator,43,0.023344191096634093
4099197,Toxic diffuse goiter with no crisis,10,0.0054288816503800215
197444,Vascular complication of medical care,30,0.016286644951140065
4064161,Cirrhosis of liver,47,0.025515743756786103
74698,Breech presentation,23,0.01248642779587405
4091642,Fetal heart finding,10,0.0054288816503800215
432695,Post-term pregnancy,24,0.013029315960912053
45757134,Group B streptococcus infection in mother complicating childbirth,28,0.01520086862106406
439981,Wound dehiscence,15,0.008143322475570033
440320,Infection due to Escherichia coli,64,0.03474484256243214
4084966,Candida infection of genital region,27,0.014657980456026058
138384,Acquired hypothyroidism,162,0.08794788273615635
440979,Acquired hemolytic anemia,16,0.008686210640608035
380378,Epilepsy,70,0.038002171552660155
4175154,Disorder of the peripheral nervous system,34,0.018458197611292075
44782690,Chronic kidney disease stage 5 due to hypertension,33,0.017915309446254073
4108817,"Tricuspid valve disorder, non-rheumatic",17,0.009229098805646038
314664,Long QT syndrome,124,0.06731813246471227
317009,Asthma,114,0.06188925081433225
198199,Pyelonephritis,14,0.00760043431053203
438480,"Abnormal glucose tolerance in mother complicating pregnancy, childbirth AND/OR puerperium",11,0.005971769815418024
314099,Abnormal fetal heart rate,12,0.006514657980456026
80189,Displacement of lumbar intervertebral disc without myelopathy,35,0.019001085776330078
140214,Eruption,184,0.0998914223669924
201418,"Flatulence, eructation and gas pain",82,0.04451682953311618
134765,Cachexia,44,0.023887079261672096
199991,Disorder of transplanted kidney,31,0.016829533116178068
74855,Genital herpes simplex,13,0.007057546145494028
435463,Herpesvirus infection,27,0.014657980456026058
4028387,Disorder of integument,14,0.00760043431053203
433968,Candidiasis,57,0.030944625407166124
443535,Infection due to enterococcus,27,0.014657980456026058
436339,Bacterial infection due to Klebsiella pneumoniae,32,0.01737242128121607
318096,Secondary malignant neoplasm of lymph node,37,0.02008686210640608
439751,Secondary malignant neoplasm of intrathoracic lymph nodes,18,0.009771986970684038
192568,Secondary malignant neoplasm of intra-abdominal lymph nodes,32,0.01737242128121607
72266,Secondary malignant neoplasm of pleura,28,0.01520086862106406
4246451,Secondary malignant neoplasm of brain,22,0.011943539630836048
197236,Uterine leiomyoma,44,0.023887079261672096
437247,Anemia of chronic disease,118,0.06406080347448426
440072,Hypogammaglobulinemia,19,0.01031487513572204
134898,Non-toxic uninodular goiter,85,0.046145494028230184
4281109,Autoimmune thyroiditis,15,0.008143322475570033
4008576,Diabetes mellitus without complication,62,0.033659066232356136
195771,Secondary diabetes mellitus,70,0.038002171552660155
4202383,Drug-induced diabetes mellitus,20,0.010857763300760043
201254,Type 1 diabetes mellitus,10,0.0054288816503800215
443412,Type 1 diabetes mellitus without complication,28,0.01520086862106406
37016349,Hyperglycemia due to type 2 diabetes mellitus,104,0.05646036916395222
4098458,Moderate protein-calorie malnutrition (weight for age 60-74 percent of standard),64,0.03474484256243214
200447,Gastrointestinal complication,46,0.0249728555917481
438120,Opioid dependence,23,0.01248642779587405
4300092,Cannabis-induced organic mental disorder,38,0.02062975027144408
436665,Bipolar disorder,29,0.015743756786102063
434613,Generalized anxiety disorder,95,0.05157437567861021
441553,Myoclonus,18,0.009771986970684038
4150299,Localization-related idiopathic epilepsy,20,0.010857763300760043
380094,Carpal tunnel syndrome,48,0.026058631921824105
374366,Sensorineural hearing loss,56,0.03040173724212812
4111566,Disorders of both mitral and tricuspid valves,41,0.02225841476655809
44782429,Chronic kidney disease due to hypertension,129,0.07003257328990228
4111412,"Tricuspid incompetence, non-rheumatic",24,0.013029315960912053
4111416,"Pulmonary incompetence, non-rheumatic",11,0.005971769815418024
4163710,Dilated cardiomyopathy,30,0.016286644951140065
4103295,Ventricular tachycardia,84,0.04560260586319218
36712986,Atypical atrial flutter,12,0.006514657980456026
4089462,Ventricular premature complex,141,0.07654723127035831
314962,Raynaud's disease,18,0.009771986970684038
435835,Non-infectious disorder of lymphatics,11,0.005971769815418024
257011,Acute upper respiratory infection,161,0.08740499457111835
4256228,Respiratory failure,59,0.03203040173724213
432941,Disorder of tongue,13,0.007057546145494028
4289526,Nonulcer dyspepsia,23,0.01248642779587405
4000609,Disorder of upper gastrointestinal tract,148,0.08034744842562432
4245842,Umbilical hernia,32,0.01737242128121607
201066,Obstruction of bile duct,59,0.03203040173724213
73008,Enthesopathy,30,0.016286644951140065
442752,Muscle pain,89,0.048317046688382194
40405599,Fibromyalgia,20,0.010857763300760043
4344387,Bone necrosis,17,0.009229098805646038
443601,Chronic kidney disease stage 2,93,0.050488599348534204
201620,Kidney stone,83,0.04505971769815418
201337,Disorder of bladder,47,0.025515743756786103
4329445,Noninflammatory disorder of uterus,27,0.014657980456026058
198212,Spotting per vagina in pregnancy,11,0.005971769815418024
81636,Excessive fetal growth affecting management of mother,14,0.00760043431053203
434111,Oligohydramnios,12,0.006514657980456026
4143187,Anomaly of placenta,12,0.006514657980456026
434708,Cord around neck with compression,11,0.005971769815418024
45757092,Anemia in mother complicating childbirth,17,0.009229098805646038
4060429,"Disease of the respiratory system complicating pregnancy, childbirth and/or the puerperium",17,0.009229098805646038
192450,Retention of urine,131,0.07111834961997829
37311061,COVID-19,166,0.09011943539630836
432441,Finding of length of gestation,51,0.02768729641693811
4242241,"Gestation period, 10 weeks",14,0.00760043431053203
4174506,"Gestation period, 11 weeks",16,0.008686210640608035
4197245,"Gestation period, 12 weeks",29,0.015743756786102063
4049621,"Gestation period, 16 weeks",12,0.006514657980456026
4277749,"Gestation period, 17 weeks",10,0.0054288816503800215
4097608,"Gestation period, 18 weeks",10,0.0054288816503800215
4181751,"Gestation period, 19 weeks",29,0.015743756786102063
4051642,"Gestation period, 20 weeks",32,0.01737242128121607
4185780,"Gestation period, 21 weeks",15,0.008143322475570033
4274955,"Gestation period, 22 weeks",15,0.008143322475570033
4336226,"Gestation period, 23 weeks",15,0.008143322475570033
438542,Gestation less than 24 weeks,18,0.009771986970684038
435640,"Gestation period, 25 weeks",14,0.00760043431053203
432430,"Gestation period, 27 weeks",13,0.007057546145494028
444461,"Gestation period, 28 weeks",26,0.014115092290988056
444417,"Gestation period, 29 weeks",24,0.013029315960912053
442558,"Gestation period, 32 weeks",27,0.014657980456026058
441678,"Gestation period, 33 weeks",29,0.015743756786102063
443874,"Gestation period, 34 weeks",28,0.01520086862106406
444267,"Gestation period, 35 weeks",31,0.016829533116178068
4022073,Dependence on wheelchair,23,0.01248642779587405
42873170,Dependence on supplemental oxygen,56,0.03040173724212812
4322175,Late effect of complications of procedure,170,0.09229098805646037
45768812,Anemia in chronic kidney disease,96,0.05211726384364821
316135,Atrioventricular block,21,0.011400651465798045
36712827,Dehiscence of external surgical incision wound,42,0.02280130293159609
45769207,Pain provoked by trauma,11,0.005971769815418024
4152384,Non-rheumatic aortic sclerosis,56,0.03040173724212812
4261842,Sick sinus syndrome,32,0.01737242128121607
255848,Pneumonia,134,0.0727470141150923
4289309,Atrial septal defect,22,0.011943539630836048
441408,Vomiting,115,0.06243213897937025
4042728,Blood glucose abnormal,76,0.04125950054288816
434005,Morbid obesity,129,0.07003257328990228
436954,Drug abuse,14,0.00760043431053203
378735,Migraine without aura,43,0.023344191096634093
194692,Cirrhosis - non-alcoholic,34,0.018458197611292075
194993,Intestinal malabsorption,34,0.018458197611292075
440785,Vomiting of pregnancy,14,0.00760043431053203
79908,Muscle weakness,94,0.051031487513572206
432250,Disorder due to infection,40,0.021715526601520086
254591,Secondary malignant neoplasm of lung,56,0.03040173724212812
432881,Pancytopenia,83,0.04505971769815418
26662,Testicular hypofunction,35,0.019001085776330078
4096196,Mild protein-calorie malnutrition (weight for age 75-89 percent of standard),45,0.024429967426710098
435510,Hypocalcemia,61,0.03311617806731813
441267,Cystic fibrosis,12,0.006514657980456026
377844,Status migrainosus,17,0.009229098805646038
374034,Visual disturbance,99,0.05374592833876222
40479192,Chronic systolic heart failure,110,0.05971769815418024
3655266,Pleural effusion due to malignant neoplastic disease,35,0.019001085776330078
78786,Pleurisy,60,0.03257328990228013
195847,Gastroparesis syndrome,39,0.021172638436482084
80180,Osteoarthritis,106,0.05754614549402823
601619,Pain of right knee joint,124,0.06731813246471227
4077895,Pain in finger,31,0.016829533116178068
80502,Osteoporosis,137,0.0743756786102063
4193062,Early stage of pregnancy,25,0.013572204125950055
37309664,Asymptomatic microscopic hematuria,11,0.005971769815418024
4168686,Jaw pain,24,0.013029315960912053
4311629,Impaired glucose tolerance,17,0.009229098805646038
4166231,Genetic predisposition,19,0.01031487513572204
23325,Heartburn,41,0.02225841476655809
4198042,Disorder of bilirubin metabolism,39,0.021172638436482084
440374,Obsessive-compulsive disorder,10,0.0054288816503800215
374375,Impacted cerumen,57,0.030944625407166124
4043371,Inflammatory disorder of digestive tract,87,0.04723127035830619
438878,Liver function tests abnormal,51,0.02768729641693811
193688,Clostridioides difficile infection,38,0.02062975027144408
37396146,Gastrointestinal infection,44,0.023887079261672096
40491960,Sepsis due to methicillin resistant Staphylococcus aureus,21,0.011400651465798045
40489910,Sepsis due to Streptococcus group D,17,0.009229098805646038
435459,Staphylococcal infectious disease,39,0.021172638436482084
40481816,Infection by methicillin sensitive Staphylococcus aureus,39,0.021172638436482084
440940,Methicillin resistant Staphylococcus aureus infection,30,0.016286644951140065
438064,Bacterial infection due to Pseudomonas,32,0.01737242128121607
435742,Disease due to Gram-negative bacteria,17,0.009229098805646038
440321,Helicobacter-associated disease,24,0.013029315960912053
440329,Herpes zoster without complication,41,0.02225841476655809
440021,Herpes simplex without complication,23,0.01248642779587405
439674,Chronic viral hepatitis B without delta-agent,16,0.008686210640608035
198683,Viral hepatitis B without hepatic coma,18,0.009771986970684038
198964,Chronic hepatitis C,42,0.02280130293159609
197494,Viral hepatitis C,34,0.018458197611292075
140641,Verruca vulgaris,34,0.018458197611292075
440032,Cytomegalovirus infection,30,0.016286644951140065
440029,Viral disease,95,0.05157437567861021
140648,Onychomycosis due to dermatophyte,39,0.021172638436482084
133141,Tinea pedis,28,0.01520086862106406
29735,Candidiasis of mouth,71,0.03854505971769816
433701,Mycosis,34,0.018458197611292075
438688,Sarcoidosis,18,0.009771986970684038
196044,Primary malignant neoplasm of stomach,17,0.009229098805646038
436635,Primary malignant neoplasm of sigmoid colon,11,0.005971769815418024
197500,Primary malignant neoplasm of colon,36,0.019543973941368076
438699,Primary malignant neoplasm of rectosigmoid junction,17,0.009229098805646038
74582,Primary malignant neoplasm of rectum,26,0.014115092290988056
201519,Primary malignant neoplasm of liver,21,0.011400651465798045
194589,Primary malignant neoplasm of biliary tract,10,0.0054288816503800215
199754,Primary malignant neoplasm of pancreas,71,0.03854505971769816
198091,Primary malignant neoplasm of retroperitoneum,10,0.0054288816503800215
4092216,Malignant neoplasm of upper lobe of lung,36,0.019543973941368076
4157454,"Primary malignant neoplasm of lower lobe, bronchus or lung",17,0.009229098805646038
4311499,Primary malignant neoplasm of respiratory tract,63,0.03420195439739414
4298026,Squamous cell carcinoma of skin of face,11,0.005971769815418024
4157456,Primary malignant neoplasm of skin head and neck,12,0.006514657980456026
4111921,Squamous cell carcinoma of skin,27,0.014657980456026058
139750,Primary malignant neoplasm of skin,17,0.009229098805646038
4112752,Basal cell carcinoma of skin,26,0.014115092290988056
436353,Primary malignant neoplasm of upper outer quadrant of female breast,13,0.007057546145494028
45770892,Primary malignant neoplasm of uterus,12,0.006514657980456026
200051,Primary malignant neoplasm of ovary,14,0.00760043431053203
200962,Primary malignant neoplasm of prostate,52,0.02823018458197611
196360,Primary malignant neoplasm of bladder,18,0.009771986970684038
198985,Primary malignant neoplasm of kidney,20,0.010857763300760043
133424,Primary malignant neoplasm of thyroid gland,21,0.011400651465798045
4130839,Neoplasm of lymph node,20,0.010857763300760043
4131422,Neoplasm of intra-abdominal lymph nodes,19,0.01031487513572204
196925,Secondary malignant neoplasm of retroperitoneum and peritoneum,17,0.009229098805646038
198700,Secondary malignant neoplasm of liver,38,0.02062975027144408
378087,Secondary malignant neoplasm of brain and spinal cord,13,0.007057546145494028
373425,Secondary malignant neoplasm of nervous system,17,0.009229098805646038
432851,Secondary malignant neoplastic disease,78,0.04234527687296417
432571,Malignant lymphoma,31,0.016829533116178068
435753,Malignant lymphoma of intrathoracic lymph nodes,17,0.009229098805646038
132841,Malignant lymphoma of lymph nodes of multiple sites,21,0.011400651465798045
437233,Multiple myeloma,20,0.010857763300760043
134305,Acute lymphoid leukemia,26,0.014115092290988056
141816,Acute lymphoid leukemia in remission,17,0.009229098805646038
138379,"Chronic lymphoid leukemia, disease",12,0.006514657980456026
140352,"Acute myeloid leukemia, disease",34,0.018458197611292075
135762,Acute myeloid leukemia in remission,10,0.0054288816503800215
317510,Leukemia,12,0.006514657980456026
37018338,Benign carcinoid tumor,13,0.007057546145494028
45767695,Metastatic carcinoid tumor,13,0.007057546145494028
196061,Benign neoplasm of stomach,15,0.008143322475570033
77234,Benign neoplasm of colon,60,0.03257328990228013
434303,Benign neoplasm of rectum and anal canal,11,0.005971769815418024
136057,Benign neoplasm of skin of trunk,18,0.009771986970684038
444445,Benign neoplasm of skin of lower limb,10,0.0054288816503800215
138102,Benign neoplasm of skin,47,0.025515743756786103
72576,Benign tumor of breast,14,0.00760043431053203
379769,Benign neoplasm of brain,14,0.00760043431053203
376063,Benign neoplasm of cerebral meninges,13,0.007057546145494028
192273,Benign neoplasm of adrenal gland,11,0.005971769815418024
198400,Hemangioma of skin and subcutaneous tissue,23,0.01248642779587405
197239,Hemangioma of intra-abdominal structure,15,0.008143322475570033
81250,Carcinoma in situ of breast,14,0.00760043431053203
433435,Carcinoma in situ,13,0.007057546145494028
40492458,Neoplasm of uncertain behavior of digestive organ,21,0.011400651465798045
374313,Neoplasm of uncertain behavior of soft tissues,56,0.03040173724212812
135777,Neoplasm of uncertain behavior of skin,103,0.05591748099891422
438383,Essential thrombocythemia,31,0.016829533116178068
138994,Myelodysplastic syndrome (clinical),23,0.01248642779587405
317248,Disorder of hematopoietic structure,74,0.04017372421281216
432582,Neoplastic disease of uncertain behavior,63,0.03420195439739414
196931,Neoplasm of digestive tract,14,0.00760043431053203
434300,Neuroendocrine tumor,15,0.008143322475570033
438112,Neoplastic disease,34,0.018458197611292075
135772,Goiter,10,0.0054288816503800215
136368,Non-toxic multinodular goiter,46,0.0249728555917481
133727,Thyrotoxicosis without goiter or other cause,11,0.005971769815418024
443238,Diabetic - poor control,39,0.021172638436482084
192279,Disorder of kidney due to diabetes mellitus,42,0.02280130293159609
443767,Disorder of eye due to diabetes mellitus,14,0.00760043431053203
443730,Disorder of nervous system due to diabetes mellitus,24,0.013029315960912053
443732,Disorder due to type 2 diabetes mellitus,31,0.016829533116178068
24609,Hypoglycemia,43,0.023344191096634093
136934,Primary hyperparathyroidism,10,0.0054288816503800215
23986,Disorder of pituitary gland,17,0.009229098805646038
435508,Adrenal cortical hypofunction,32,0.01737242128121607
193165,Disorder of adrenal gland,25,0.013572204125950055
437246,Vitamin B deficiency,46,0.0249728555917481
437827,Pure hypercholesterolemia,167,0.09066232356134636
440360,Pure hyperglyceridemia,52,0.02823018458197611
438720,Mixed hyperlipidemia,112,0.06080347448425624
437530,Disorder of lipid metabolism,23,0.01248642779587405
45770886,Disorder of plasma protein metabolism,59,0.03203040173724213
440674,Gout,85,0.046145494028230184
438725,Disorder of magnesium metabolism,53,0.028773072747014114
435511,Hypercalcemia,42,0.02280130293159609
441829,Hyperosmolality and or hypernatremia,66,0.035830618892508145
438730,Alkalosis,58,0.031487513572204126
37311319,Hypovolemia,115,0.06243213897937025
435796,Dehydration,169,0.09174809989142237
441830,Disorder of fluid AND/OR electrolyte,41,0.02225841476655809
254320,Cystic fibrosis of the lung,13,0.007057546145494028
4079687,Tumor lysis syndrome,13,0.007057546145494028
436670,Metabolic disease,13,0.007057546145494028
443216,Graft versus host disease,26,0.014115092290988056
439416,Acute graft-versus-host disease,19,0.01031487513572204
434314,Chronic graft-versus-host disease,19,0.01031487513572204
432875,Anemia due to chronic blood loss,23,0.01248642779587405
434622,Deficiency anemias,12,0.006514657980456026
137829,Aplastic anemia,12,0.006514657980456026
441258,Anemia in neoplastic disease,90,0.048859934853420196
35624756,Anemia due to and following chemotherapy,49,0.026601520086862108
436093,Disseminated intravascular coagulation,32,0.01737242128121607
432585,Blood coagulation disorder,104,0.05646036916395222
4103532,Immune thrombocytopenia,11,0.005971769815418024
4119158,Neutropenic disorder,65,0.03528773072747014
432289,Drug-induced neutropenia,44,0.023887079261672096
4304002,Eosinophil count raised,12,0.006514657980456026
435224,Leukopenia,58,0.031487513572204126
441541,Lymphocytopenia,32,0.01737242128121607
434008,White blood cell disorder,13,0.007057546145494028
4295287,Hypercoagulability state,11,0.005971769815418024
441260,Drug withdrawal,10,0.0054288816503800215
373995,Delirium,123,0.06677524429967427
4182210,Dementia,35,0.019001085776330078
374009,Organic mental disorder,23,0.01248642779587405
4282316,Recurrent major depression,34,0.018458197611292075
435220,Severe recurrent major depression without psychotic features,15,0.008143322475570033
44784632,Episodic mood disorder,15,0.008143322475570033
436073,Psychotic disorder,31,0.016829533116178068
4113821,Anxiety state,154,0.08360477741585233
4211231,Panic disorder without agoraphobia,36,0.019543973941368076
4049367,Psychologic conversion disorder,11,0.005971769815418024
433440,Dysthymia,34,0.018458197611292075
435243,Alcohol dependence,34,0.018458197611292075
433753,Alcohol abuse,66,0.035830618892508145
437264,Tobacco dependence syndrome,71,0.03854505971769816
376382,Tension-type headache,20,0.010857763300760043
44782778,Pain disorder with psychological factor,11,0.005971769815418024
440083,Acute stress disorder,18,0.009771986970684038
436075,Adjustment disorder with anxious mood,17,0.009229098805646038
36684319,Adjustment disorder with mixed anxiety and depressed mood,20,0.010857763300760043
436676,Posttraumatic stress disorder,38,0.02062975027144408
436677,Adjustment disorder,58,0.031487513572204126
372610,Postconcussion syndrome,10,0.0054288816503800215
435785,Meningitis,16,0.008686210640608035
381270,Parkinson's disease,20,0.010857763300760043
73754,Restless legs,38,0.02062975027144408
372604,Movement disorder,16,0.008686210640608035
135526,Spinal cord disease,30,0.016286644951140065
434633,Disorder of autonomic nervous system,19,0.01031487513572204
43530621,Acute postoperative pain,111,0.06026058631921824
433456,Acute pain,28,0.01520086862106406
440704,Chronic pain syndrome,44,0.023887079261672096
374022,Hemiplegia,18,0.009771986970684038
4309257,Refractory localization-related epilepsy,10,0.0054288816503800215
40483317,Refractory epilepsy,18,0.009771986970684038
381549,Migraine with aura,19,0.01031487513572204
443616,Refractory migraine without aura,12,0.006514657980456026
372887,Disorder of brain,157,0.08523344191096634
372892,Metabolic encephalopathy,58,0.031487513572204126
377550,Compression of brain,17,0.009229098805646038
376690,Cerebral edema,40,0.021715526601520086
376337,Disorder of nervous system,14,0.00760043431053203
374923,Bell's palsy,22,0.011943539630836048
378741,Brachial plexus disorder,17,0.009229098805646038
374027,Lesion of ulnar nerve,25,0.013572204125950055
193460,Disorder of lower extremity,16,0.008686210640608035
376112,Polyneuropathy due to diabetes mellitus,15,0.008143322475570033
376683,Nonproliferative retinopathy due to diabetes mellitus,12,0.006514657980456026
379010,Epiretinal membrane,24,0.013029315960912053
372903,Retinal edema,11,0.005971769815418024
378416,Retinal disorder,43,0.023344191096634093
437541,Glaucoma,31,0.016829533116178068
381295,Senile cataract,20,0.010857763300760043
439297,Nuclear senile cataract,83,0.04505971769815418
375545,Cataract,75,0.04071661237785016
379805,Myopia,39,0.021172638436482084
380706,Regular astigmatism,33,0.017915309446254073
373478,Presbyopia,32,0.01737242128121607
372912,Visual discomfort,14,0.00760043431053203
373474,Diplopia,34,0.018458197611292075
377286,Visual field defect,28,0.01520086862106406
378425,Blepharitis,32,0.01737242128121607
376125,Disorder of eyelid,14,0.00760043431053203
378427,Tear film insufficiency,59,0.03203040173724213
320420,Vitreous degeneration,36,0.019543973941368076
372328,Otitis media,18,0.009771986970684038
380733,Otalgia,42,0.02280130293159609
377888,Conductive hearing loss,10,0.0054288816503800215
377889,Hearing loss,81,0.043973941368078175
319843,Mitral valve disorder,71,0.03854505971769816
313221,Rheumatic aortic stenosis,10,0.0054288816503800215
312648,Benign essential hypertension,67,0.03637350705754615
44784439,Benign hypertensive renal disease with renal failure,90,0.048859934853420196
319826,Secondary hypertension,55,0.02985884907709012
444406,Acute subendocardial infarction,35,0.019001085776330078
312327,Acute myocardial infarction,57,0.030944625407166124
315296,Preinfarction syndrome,29,0.015743756786102063
321318,Angina pectoris,44,0.023887079261672096
40481919,Coronary atherosclerosis,120,0.06514657980456026
317576,Coronary arteriosclerosis,131,0.07111834961997829
315286,Chronic ischemic heart disease,49,0.026601520086862108
43530605,Pulmonary embolism with pulmonary infarction,40,0.021715526601520086
4195892,Chronic cor pulmonale,51,0.02768729641693811
318450,Cardiac tamponade,12,0.006514657980456026
318772,Disorder of pericardium,49,0.026601520086862108
314054,Aortic valve disorder,59,0.03203040173724213
319845,Pulmonary valve disorder,14,0.00760043431053203
4232337,Valvular endocarditis,32,0.01737242128121607
316428,Hypertrophic obstructive cardiomyopathy,14,0.00760043431053203
4232495,Primary cardiomyopathy,64,0.03474484256243214
320746,Cardiomyopathy associated with another disorder,38,0.02062975027144408
313209,Left bundle branch hemiblock,32,0.01737242128121607
316998,Left bundle branch block,75,0.04071661237785016
314059,Right bundle branch block,104,0.05646036916395222
316999,Conduction disorder of the heart,142,0.07709011943539631
317893,Paroxysmal supraventricular tachycardia,20,0.010857763300760043
437579,Paroxysmal ventricular tachycardia,47,0.025515743756786103
321042,Cardiac arrest,35,0.019001085776330078
441872,Supraventricular premature beats,51,0.02768729641693811
316429,Premature beats,66,0.035830618892508145
317302,Sinus node dysfunction,28,0.01520086862106406
439846,Left heart failure,36,0.019543973941368076
443580,Systolic heart failure,55,0.02985884907709012
40480603,Acute systolic heart failure,43,0.023344191096634093
40480602,Acute on chronic systolic heart failure,60,0.03257328990228013
40481042,Acute diastolic heart failure,16,0.008686210640608035
40482727,Combined systolic and diastolic dysfunction,20,0.010857763300760043
44782718,Acute combined systolic and diastolic heart failure,36,0.019543973941368076
44782733,Acute on chronic combined systolic and diastolic heart failure,56,0.03040173724212812
376713,Cerebral hemorrhage,18,0.009771986970684038
439040,Subdural hemorrhage,16,0.008686210640608035
4153380,Disorder of carotid artery,60,0.03257328990228013
443454,Cerebral infarction,74,0.04017372421281216
4108356,Cerebral infarction due to embolism of cerebral arteries,21,0.011400651465798045
4110192,Cerebral infarction due to thrombosis of cerebral arteries,37,0.02008686210640608
373503,Transient cerebral ischemia,43,0.023344191096634093
374384,Cerebral ischemia,16,0.008686210640608035
4121341,Diffuse cerebrovascular disease,13,0.007057546145494028
4353709,Intracerebral vascular finding,29,0.015743756786102063
4332246,Aneurysm,33,0.017915309446254073
381591,Cerebrovascular disease,32,0.01737242128121607
434056,Late effects of cerebrovascular disease,43,0.023344191096634093
312934,Atherosclerosis of aorta,91,0.0494028230184582
195834,Atherosclerosis of renal artery,16,0.008686210640608035
315558,Atherosclerosis of arteries of the extremities,34,0.018458197611292075
442774,Intermittent claudication,15,0.008143322475570033
40479625,Atherosclerosis of artery,35,0.019001085776330078
320739,Dissection of aorta,18,0.009771986970684038
436136,Dissection of thoracic aorta,20,0.010857763300760043
37016882,Dissection of thoracoabdominal aorta,13,0.007057546145494028
443622,Aneurysm of thoracic aorta,28,0.01520086862106406
198177,Abdominal aortic aneurysm,20,0.010857763300760043
317585,Aortic aneurysm,28,0.01520086862106406
196433,Aneurysm of iliac artery,11,0.005971769815418024
4143972,Raynaud's phenomenon,14,0.00760043431053203
321052,Peripheral vascular disease,87,0.04723127035830619
321887,Disorder of artery,51,0.02768729641693811
317305,Stricture of artery,23,0.01248642779587405
314659,Arteritis,13,0.007057546145494028
135287,Non-neoplastic nevus,50,0.02714440825190011
318174,Phlebitis,11,0.005971769815418024
199837,Portal vein thrombosis,23,0.01248642779587405
43531681,Acute deep vein thrombosis of lower limb,63,0.03420195439739414
44782421,Acute deep venous thrombosis of upper extremity,36,0.019543973941368076
44782762,Acute thrombosis of subclavian vein,20,0.010857763300760043
44782752,Acute deep venous thrombosis of internal jugular vein,22,0.011943539630836048
444247,Venous thrombosis,33,0.017915309446254073
199856,Varicose veins of lower extremity with inflammation,17,0.009229098805646038
312349,Venous varices,22,0.011943539630836048
196436,Internal hemorrhoids,26,0.014115092290988056
195562,Hemorrhoids,107,0.05808903365906623
24966,Esophageal varices,14,0.00760043431053203
4111998,Esophageal varices associated with another disorder,10,0.0054288816503800215
435839,Lymphedema,31,0.016829533116178068
319041,Orthostatic hypotension,82,0.04451682953311618
443447,Iatrogenic hypotension,58,0.031487513572204126
321596,Peripheral venous insufficiency,29,0.015743756786102063
134057,Disorder of cardiovascular system,38,0.02062975027144408
260123,Acute sinusitis,34,0.018458197611292075
25297,Acute pharyngitis,110,0.05971769815418024
260125,Acute bronchiolitis,11,0.005971769815418024
377910,Deviated nasal septum,41,0.02225841476655809
134668,Chronic maxillary sinusitis,29,0.015743756786102063
257012,Chronic sinusitis,84,0.04560260586319218
257007,Allergic rhinitis,135,0.0732899022801303
440129,Hypertrophy of nasal turbinates,24,0.013029315960912053
439407,Disorder of nasal cavity,114,0.06188925081433225
31057,Disorder of pharynx,14,0.00760043431053203
31602,Disorder of the larynx,10,0.0054288816503800215
261326,Viral pneumonia,23,0.01248642779587405
46274035,Pneumonia due to methicillin susceptible Staphylococcus aureus,11,0.005971769815418024
258180,Pneumonia due to Gram negative bacteria,10,0.0054288816503800215
443410,Infective pneumonia,135,0.0732899022801303
46273463,Upper respiratory tract infection due to Influenza,35,0.019001085776330078
256451,Bronchitis,44,0.023887079261672096
46270376,Acute exacerbation of chronic obstructive bronchitis,18,0.009771986970684038
261325,Pulmonary emphysema,63,0.03420195439739414
312950,IgE-mediated allergic asthma,15,0.008143322475570033
256449,Bronchiectasis,66,0.035830618892508145
40483342,Acute exacerbation of bronchiectasis,12,0.006514657980456026
255573,Chronic obstructive lung disease,134,0.0727470141150923
4187218,Pneumonitis due to inhaled substance,76,0.04125950054288816
40479583,Iatrogenic pneumothorax,14,0.00760043431053203
253797,Post-inflammatory pulmonary fibrosis,57,0.030944625407166124
45763750,Idiopathic pulmonary fibrosis,17,0.009229098805646038
4279553,Eosinophilic asthma,16,0.008686210640608035
261600,Acute pulmonary edema,73,0.039630836047774155
261881,Trauma and postoperative pulmonary insufficiency,26,0.014115092290988056
319049,Acute respiratory failure,87,0.04723127035830619
318459,Respiratory insufficiency,10,0.0054288816503800215
314971,Chronic respiratory failure,12,0.006514657980456026
312940,Acute-on-chronic respiratory failure,15,0.008143322475570033
46273539,Acute bronchospasm,23,0.01248642779587405
440142,Disorder of mediastinum,25,0.013572204125950055
320136,Disorder of respiratory system,52,0.02823018458197611
74396,Temporomandibular joint disorder,15,0.008143322475570033
201603,Disorder of teeth AND/OR supporting structures,16,0.008686210640608035
25572,Disorder of salivary gland,13,0.007057546145494028
4260546,Ulcerative stomatitis,36,0.019543973941368076
46269921,Oral ulcerative mucositis due to antineoplastic therapy,43,0.023344191096634093
135858,Disorder of lip,14,0.00760043431053203
139057,Disorder of oral soft tissues,20,0.010857763300760043
30753,Esophagitis,59,0.03203040173724213
30437,Gastro-esophageal reflux disease with esophagitis,58,0.031487513572204126
26459,Acute esophagitis,10,0.0054288816503800215
25844,Ulcer of esophagus,11,0.005971769815418024
443344,Barrett's esophagus,19,0.01031487513572204
31610,Disorder of esophagus,59,0.03203040173724213
192667,Atrophic gastritis,27,0.014657980456026058
201340,Gastritis,70,0.038002171552660155
197913,Disorder of function of stomach,30,0.016286644951140065
434085,Obstruction of duodenum,15,0.008143322475570033
4288544,Inguinal hernia,20,0.010857763300760043
4188155,Hernia of anterior abdominal wall,42,0.02280130293159609
198464,Incisional hernia,35,0.019001085776330078
201061,Diaphragmatic hernia,96,0.05211726384364821
4266188,Disorder of body wall,16,0.008686210640608035
201606,Crohn's disease,13,0.007057546145494028
81893,Ulcerative colitis,17,0.009229098805646038
201894,Acute vascular insufficiency of intestine,15,0.008143322475570033
4311117,Radiation-induced disorder,10,0.0054288816503800215
192357,Paralytic ileus,43,0.023344191096634093
193518,Intestinal obstruction,72,0.03908794788273615
81611,Diverticular disease of colon,68,0.03691639522258415
77025,Diverticulitis of colon,14,0.00760043431053203
75576,Irritable bowel syndrome,45,0.024429967426710098
196151,Functional disorder of intestine,35,0.019001085776330078
200757,Abscess of peritoneum,32,0.01737242128121607
199863,Primary bacterial peritonitis,17,0.009229098805646038
196152,Peritonitis,21,0.011400651465798045
195581,Peritoneal adhesion,57,0.030944625407166124
197324,Disorder of peritoneum,54,0.029315960912052116
197925,Hemorrhage of rectum and anus,65,0.03528773072747014
4145825,Anorectal disorder,50,0.02714440825190011
197328,Abscess of intestine,10,0.0054288816503800215
195002,Ulceration of intestine,16,0.008686210640608035
4337543,Hepatic necrosis,23,0.01248642779587405
196463,Alcoholic cirrhosis,21,0.011400651465798045
200763,Chronic hepatitis,12,0.006514657980456026
201613,Chronic nonalcoholic liver disease,62,0.033659066232356136
4029488,Hepatic encephalopathy,19,0.01031487513572204
192680,Portal hypertension,56,0.03040173724212812
196455,Hepatorenal syndrome,18,0.009771986970684038
40481531,Sequela of chronic liver disease,24,0.013029315960912053
194990,Inflammatory disease of liver,19,0.01031487513572204
201070,Cholelithiasis AND cholecystitis without obstruction,21,0.011400651465798045
444367,Cholelithiasis without obstruction,68,0.03691639522258415
443792,Calculus of bile duct,11,0.005971769815418024
444122,Calculus of bile duct with obstruction,14,0.00760043431053203
198809,Acute cholecystitis,20,0.010857763300760043
192956,Cholecystitis,22,0.011943539630836048
200765,Chronic cholecystitis,22,0.011943539630836048
192353,Disorder of gallbladder,69,0.03745928338762215
195856,Cholangitis,35,0.019001085776330078
197917,Disorder of biliary tract,89,0.048317046688382194
199074,Acute pancreatitis,56,0.03040173724212812
195596,Chronic pancreatitis,19,0.01031487513572204
192360,Cyst and pseudocyst of pancreas,20,0.010857763300760043
192963,Disorder of pancreas,101,0.054831704668838216
26727,Hematemesis,30,0.016286644951140065
443530,Hematochezia,45,0.024429967426710098
192671,Gastrointestinal hemorrhage,105,0.057003257328990226
194992,Celiac disease,20,0.010857763300760043
194079,Post-surgical malabsorption,24,0.013029315960912053
444044,Acute tubular necrosis,101,0.054831704668838216
443614,Chronic kidney disease stage 1,36,0.019543973941368076
443612,Chronic kidney disease stage 4,58,0.031487513572204126
443611,Chronic kidney disease stage 5,34,0.018458197611292075
192359,Renal failure syndrome,49,0.026601520086862108
4140207,Nephrosclerosis,16,0.008686210640608035
133810,Hyperparathyroidism due to renal insufficiency,41,0.02225841476655809
433811,Hydronephrosis,67,0.03637350705754615
201916,Ureteric stone,18,0.009771986970684038
194686,Acquired renal cystic disease,56,0.03040173724212812
194081,Acute cystitis,69,0.03745928338762215
195588,Cystitis,27,0.014657980456026058
76153,Low compliance bladder,13,0.007057546145494028
78472,Microscopic hematuria,26,0.014115092290988056
201072,Benign prostatic hyperplasia without outflow obstruction,51,0.02768729641693811
443211,Benign prostatic hyperplasia with outflow obstruction,64,0.03474484256243214
197032,Hyperplasia of prostate,29,0.015743756786102063
43021237,Secondary erectile dysfunction,43,0.023344191096634093
78473,Solitary cyst of breast,11,0.005971769815418024
78804,Fibrocystic disease of breast,28,0.01520086862106406
78200,Benign mammary dysplasia,17,0.009229098805646038
78474,Hypertrophy of breast,15,0.008143322475570033
4056770,Breast signs and symptoms,11,0.005971769815418024
77030,Disorder of breast,48,0.026058631921824105
200461,Endometriosis of uterus,15,0.008143322475570033
4101918,Noninflammatory disorder of the female genital organs,32,0.01737242128121607
439080,Dyspareunia,19,0.01031487513572204
195007,Female stress incontinence,34,0.018458197611292075
198194,Female genital organ symptoms,33,0.017915309446254073
196168,Irregular periods,30,0.016286644951140065
195321,Postmenopausal bleeding,22,0.011943539630836048
4172857,Menopause finding,20,0.010857763300760043
436176,Miscarriage without complication,12,0.006514657980456026
197950,Cellulitis and abscess of trunk,19,0.01031487513572204
442068,Cellulitis and abscess of forearm,11,0.005971769815418024
4066371,Cellulitis and abscess of lower leg,16,0.008686210640608035
4027384,Inflammatory disorder,49,0.026601520086862108
140480,Impetigo,18,0.009771986970684038
443600,Localized infection of skin AND/OR subcutaneous tissue,73,0.039630836047774155
137053,Seborrheic dermatitis,47,0.025515743756786103
45766714,Inflammatory dermatosis,167,0.09066232356134636
134116,Dermatitis due to drug AND/OR medicine taken internally,22,0.011943539630836048
136773,Rosacea,24,0.013029315960912053
40481101,Erythema of skin,60,0.03257328990228013
81931,Psoriasis with arthropathy,12,0.006514657980456026
140168,Psoriasis,30,0.016286644951140065
136184,Pruritus of skin,34,0.018458197611292075
4317258,Disorder of skin,46,0.0249728555917481
138825,Actinic keratosis,75,0.04071661237785016
40483107,Inflamed seborrheic keratosis,38,0.02062975027144408
141932,Senile hyperkeratosis,90,0.048859934853420196
133280,Alopecia,10,0.0054288816503800215
4032878,Hair follicle disorder,50,0.02714440825190011
141095,Acne,30,0.016286644951140065
35624677,Sebaceous cyst of skin,22,0.011943539630836048
138225,Disorder of sebaceous gland,15,0.008143322475570033
135333,Pressure ulcer,19,0.01031487513572204
44783163,Pressure ulcer of lower back,16,0.008686210640608035
74719,Ulcer of foot,10,0.0054288816503800215
139900,Urticaria,29,0.015743756786102063
135030,Discoloration of skin,24,0.013029315960912053
136497,Scar conditions and fibrosis of skin,69,0.03745928338762215
200174,Disorder of skin and/or subcutaneous tissue,121,0.06568946796959826
254443,Sjögren's syndrome,20,0.010857763300760043
80482,Suppurative arthritis,10,0.0054288816503800215
80809,Rheumatoid arthritis,36,0.019543973941368076
74125,Inflammatory polyarthropathy,13,0.007057546145494028
72993,"Localized, primary osteoarthritis",27,0.014657980456026058
4079750,Osteoarthritis of knee,155,0.08414766558089033
78505,"Localized, primary osteoarthritis of the ankle and/or foot",28,0.01520086862106406
72990,Localized osteoarthrosis uncertain if primary OR secondary,55,0.02985884907709012
444206,Arthropathy of pelvis,22,0.011943539630836048
4324765,Arthropathy of knee joint,51,0.02768729641693811
72405,Degenerative joint disease of shoulder region,29,0.015743756786102063
78227,Degenerative joint disease of hand,15,0.008143322475570033
40483794,Degenerative joint disease of pelvis,39,0.021172638436482084
73553,Arthropathy,41,0.02225841476655809
40484571,Disorder of joint of shoulder region,17,0.009229098805646038
40482662,Disorder of joint of ankle and/or foot,15,0.008143322475570033
75051,Derangement of posterior horn of medial meniscus,13,0.007057546145494028
77955,Articular cartilage disorder of shoulder region,16,0.008686210640608035
76786,Derangement of knee,18,0.009771986970684038
4115991,Knee joint effusion,65,0.03528773072747014
4116166,Elbow joint pain,59,0.03203040173724213
4115367,Wrist joint pain,73,0.039630836047774155
78234,Hand joint pain,23,0.01248642779587405
37017182,Joint pain of pelvic region,79,0.04288816503800217
78508,Arthralgia of the ankle and/or foot,123,0.06677524429967427
141941,Cervical spondylosis without myelopathy,75,0.04071661237785016
608177,Myelopathy due to cervical spondylosis,19,0.01031487513572204
74130,Thoracic spondylosis without myelopathy,47,0.025515743756786103
80813,Lumbosacral spondylosis without myelopathy,104,0.05646036916395222
198520,Lumbar spondylosis with myelopathy,17,0.009229098805646038
138519,Spondylosis without myelopathy,24,0.013029315960912053
314131,Degeneration of cervical intervertebral disc,48,0.026058631921824105
80816,Degeneration of intervertebral disc,61,0.03311617806731813
195906,Disorder of lumbar spine,11,0.005971769815418024
436785,Spinal stenosis in cervical region,62,0.033659066232356136
443776,Brachial radiculitis,24,0.013029315960912053
136788,Spinal stenosis of lumbar region,108,0.05863192182410423
312998,Pain in thoracic spine,67,0.03637350705754615
372409,Sciatica,56,0.03040173724212812
4027396,Peripheral neuritis,41,0.02225841476655809
138841,Disorder of sacrum,31,0.016829533116178068
140190,Disorder of back,21,0.011400651465798045
442256,Disorder of bursa of shoulder region,27,0.014657980456026058
77630,Disorder of shoulder,38,0.02062975027144408
81379,Lateral epicondylitis,16,0.008686210640608035
198846,Enthesopathy of hip region,16,0.008686210640608035
72715,Exostosis,20,0.010857763300760043
77965,Acquired trigger finger,23,0.01248642779587405
443744,Bunion,16,0.008686210640608035
78236,Muscle atrophy,24,0.013029315960912053
4345578,Rhabdomyolysis,12,0.006514657980456026
137967,"Muscle, ligament and fascia disorders",12,0.006514657980456026
137275,Disorder of muscle,83,0.04505971769815418
4117779,Peripheral nerve disease,38,0.02062975027144408
133299,Swelling of limb,83,0.04505971769815418
137379,Musculoskeletal symptom,52,0.02823018458197611
141663,Osteomyelitis,32,0.01737242128121607
73571,Pathological fracture,15,0.008143322475570033
74138,Pathological fracture of vertebra,15,0.008143322475570033
75634,Fracture malunion,10,0.0054288816503800215
73574,Nonunion of fracture,17,0.009229098805646038
77646,Disorder of bone and articular cartilage,125,0.06786102062975027
75911,Acquired hallux valgus,19,0.01031487513572204
81106,Acquired genu varum,26,0.014115092290988056
199913,Acquired deformity of ankle AND/OR foot,13,0.007057546145494028
316211,Acquired spondylolisthesis,15,0.008143322475570033
434467,Ostium secundum type atrial septal defect,14,0.00760043431053203
321107,Congenital insufficiency of aortic valve,16,0.008686210640608035
4130372,Congenital anomaly of intestinal tract,12,0.006514657980456026
4167097,Spondylolisthesis,36,0.019543973941368076
376961,Disturbance of consciousness,70,0.038002171552660155
4206148,Syncope and collapse,77,0.041802388707926165
439150,Hypersomnia with sleep apnea,16,0.008686210640608035
438134,Hypersomnia,46,0.0249728555917481
313459,Sleep apnea,121,0.06568946796959826
434490,Chill,33,0.017915309446254073
432738,Chronic fatigue syndrome,46,0.0249728555917481
4168217,Generalized hyperhidrosis,38,0.02062975027144408
439147,Amnesia,68,0.03691639522258415
436222,Altered mental status,155,0.08414766558089033
4147183,General symptom,22,0.011943539630836048
376229,Abnormal involuntary movement,40,0.021715526601520086
441417,Incoordination,26,0.014115092290988056
434657,Weakness of face muscles,52,0.02823018458197611
4303401,Finding reported by subject or history provider,19,0.01031487513572204
4090425,Altered sensation of skin,87,0.04723127035830619
443257,Swelling / lump finding,109,0.059174809989142235
137977,Jaundice,68,0.03691639522258415
318566,Flushing,21,0.011400651465798045
442165,Loss of appetite,77,0.041802388707926165
437986,Failure to thrive,13,0.007057546145494028
259153,Pain in throat,31,0.016829533116178068
255919,Finding of head and neck region,56,0.03040173724212812
440424,Aphasia,44,0.023887079261672096
40326053,Dysphonia,43,0.023344191096634093
4196636,Dysarthria,36,0.019543973941368076
257683,Posterior rhinorrhea,34,0.018458197611292075
316822,Heart murmur,62,0.033659066232356136
439928,Gangrenous disorder,31,0.016829533116178068
201965,Shock,48,0.026058631921824105
198571,Cardiogenic shock,69,0.03745928338762215
196236,Septic shock,98,0.053203040173724216
315085,Lymphadenopathy,113,0.061346362649294245
4147185,Cardiovascular symptoms,18,0.009771986970684038
317376,Tachypnea,30,0.016286644951140065
314754,Wheezing,62,0.033659066232356136
261687,Hemoptysis,38,0.02062975027144408
134159,Precordial pain,67,0.03637350705754615
442555,Breathing painful,34,0.018458197611292075
4166126,"Localized swelling, mass and lump, trunk",75,0.04071661237785016
46273370,Abnormal chest sounds,10,0.0054288816503800215
31317,Dysphagia,177,0.09609120521172639
197675,Incontinence of feces,28,0.01520086862106406
197684,Dysuria,136,0.0738327904451683
193020,Incomplete emptying of bladder,20,0.010857763300760043
197672,Urinary incontinence,91,0.0494028230184582
193326,Urge incontinence of urine,40,0.021715526601520086
443524,Mixed urinary incontinence,16,0.008686210640608035
4012368,Increased frequency of urination,41,0.02225841476655809
79936,Polyuria,19,0.01031487513572204
40304526,Nocturia,61,0.03311617806731813
4090272,Anuria,14,0.00760043431053203
200845,Urgent desire to urinate,56,0.03040173724212812
198263,Right upper quadrant pain,115,0.06243213897937025
194175,Left upper quadrant pain,42,0.02280130293159609
195083,Left lower quadrant pain,73,0.039630836047774155
197381,Epigastric pain,171,0.09283387622149837
197676,Large liver,56,0.03040173724212812
200527,Splenomegaly,62,0.033659066232356136
4168222,"Intra-abdominal and pelvic swelling, mass and lump",85,0.046145494028230184
4216894,Precipitous drop in hematocrit,26,0.014115092290988056
4308509,Impaired fasting glycemia,55,0.02985884907709012
438557,Abnormal glucose level,87,0.04723127035830619
4245252,Raised prostate specific antigen,32,0.01737242128121607
4021915,Hematopoietic system finding,39,0.021172638436482084
437382,Urine finding,19,0.01031487513572204
4065770,Cerebrospinal fluid examination abnormal,12,0.006514657980456026
439154,Abnormal findings on diagnostic imaging of skull and head,52,0.02823018458197611
4142875,Solitary nodule of lung,158,0.08577633007600434
40482228,Imaging of thorax abnormal,78,0.04234527687296417
40482267,Imaging of gastrointestinal tract abnormal,83,0.04505971769815418
40481385,Imaging of abdomen abnormal,89,0.048317046688382194
40481319,Imaging of musculoskeletal system abnormal,63,0.03420195439739414
4059049,Mammography abnormal,22,0.011943539630836048
434169,Abnormal findings on diagnostic imaging of breast,65,0.03528773072747014
314487,Pulmonary function studies abnormal,43,0.023344191096634093
137989,Abnormal results of cardiovascular function studies,41,0.02225841476655809
437992,Renal function tests abnormal,40,0.021715526601520086
4194160,Thyroid function tests abnormal,23,0.01248642779587405
40480893,Nonspecific tuberculin test reaction,38,0.02062975027144408
437113,Asthenia,184,0.0998914223669924
4309912,Generally unwell,12,0.006514657980456026
4013596,Closed fracture thoracic vertebra,15,0.008143322475570033
4013604,Closed fracture lumbar vertebra,14,0.00760043431053203
74188,Closed fracture of rib,14,0.00760043431053203
78273,Closed fracture of multiple ribs,30,0.016286644951140065
434494,Closed fracture of upper end of humerus,13,0.007057546145494028
437116,Closed fracture of distal end of radius,12,0.006514657980456026
434500,Closed fracture of neck of femur,24,0.013029315960912053
75095,Closed fracture of ankle,13,0.007057546145494028
4035415,Tear of meniscus of knee,13,0.007057546145494028
37312105,Strain of rotator cuff of shoulder,11,0.005971769815418024
4136228,Sprain of shoulder,10,0.0054288816503800215
4130851,Injury of upper extremity,37,0.02008686210640608
78272,Sprain of wrist,11,0.005971769815418024
441701,Sprain of hip,19,0.01031487513572204
4083964,Soft tissue injury,10,0.0054288816503800215
81151,Sprain of ankle,28,0.01520086862106406
30234,Neck sprain,11,0.005971769815418024
439199,Open wound without complication,13,0.007057546145494028
434814,Late effect of medical and surgical care complication,144,0.0781758957654723
443403,Sequela,14,0.00760043431053203
195401,Contusion of hip,13,0.007057546145494028
78619,Contusion of knee,12,0.006514657980456026
441737,Contusion,14,0.00760043431053203
375415,Injury of head,85,0.046145494028230184
44783027,Injury of face and neck,11,0.005971769815418024
75128,Injury of chest wall,18,0.009771986970684038
44783028,Injury of shoulder and upper arm,20,0.010857763300760043
44784105,Injury of free lower limb,27,0.014657980456026058
4160962,Antineoplastic poisoning,39,0.021172638436482084
441202,Anaphylaxis,10,0.0054288816503800215
43530807,Allergic disposition,71,0.03854505971769816
434821,Systemic inflammatory response syndrome,13,0.007057546145494028
37394658,Severe sepsis,56,0.03040173724212812
132781,Mechanical complication of vascular device,24,0.013029315960912053
80008,Breakage of joint prosthesis,19,0.01031487513572204
80269,Mechanical complication of internal joint prosthesis,12,0.006514657980456026
432798,"Mechanical complication of internal orthopedic device, implant AND/OR graft",21,0.011400651465798045
435726,Mechanical complication of device,44,0.023887079261672096
439408,Graft complications,36,0.019543973941368076
440276,"Infection AND/OR inflammatory reaction due to internal prosthetic device, implant AND/OR graft",34,0.018458197611292075
437461,Disorder of prosthetic cardiac valve,11,0.005971769815418024
142026,Disorder of cardiovascular prostheses and implants,16,0.008686210640608035
438624,Complication of renal dialysis,12,0.006514657980456026
43021974,Complication associated with device,55,0.02985884907709012
43021250,Complication associated with orthopedic device,24,0.013029315960912053
201461,Disorder affecting transplanted structure,49,0.026601520086862108
200616,Complication of transplanted liver,13,0.007057546145494028
257755,Complication of transplanted lung,19,0.01031487513572204
437169,Disorder of transplanted bone marrow,35,0.019001085776330078
259992,Ventilator associated pneumonia,20,0.010857763300760043
4178810,Gastrointestinal complication of procedure,35,0.019001085776330078
442019,Complication of procedure,132,0.07166123778501629
437474,Postoperative infection,32,0.01737242128121607
4307981,Clostridium difficile colitis,21,0.011400651465798045
193402,Bacterial enteritis,16,0.008686210640608035
40487064,Sepsis due to Escherichia coli,20,0.010857763300760043
437779,Streptococcal infectious disease,22,0.011943539630836048
432545,Bacterial infectious disease,66,0.035830618892508145
4092538,Herpesviral vesicular dermatitis,16,0.008686210640608035
4001664,Intrahepatic bile duct carcinoma,16,0.008686210640608035
4246127,Malignant neoplasm of liver,19,0.01031487513572204
40486896,Primary malignant neoplasm of extrahepatic bile duct,14,0.00760043431053203
440649,Primary malignant neoplasm of head of pancreas,29,0.015743756786102063
434293,Primary malignant neoplasm of body of pancreas,13,0.007057546145494028
25486,Primary malignant neoplasm of islets of Langerhans,13,0.007057546145494028
4179720,Primary malignant neoplasm of gastrointestinal tract,12,0.006514657980456026
432262,Primary malignant neoplasm of trachea,14,0.00760043431053203
258375,Overlapping malignant neoplasm of bronchus and lung,15,0.008143322475570033
4247238,Primary malignant neoplasm of endometrium,11,0.005971769815418024
46273652,Secondary malignant neoplasm of left lung,21,0.011400651465798045
434875,Secondary malignant neoplasm of mediastinum,10,0.0054288816503800215
198371,Secondary malignant neoplasm of small intestine,17,0.009229098805646038
4158910,Secondary malignant neoplasm of unknown site,29,0.015743756786102063
37018875,Malignant neuroendocrine tumor,16,0.008686210640608035
440058,Malignant lymphoma of extranodal AND/OR solid organ site,22,0.011943539630836048
4300704,Diffuse large B-cell lymphoma (nodal/systemic with skin involvement),25,0.013572204125950055
438698,"Malignant lymphoma of lymph nodes of head, face AND/OR neck",15,0.008143322475570033
200349,Malignant lymphoma of intra-abdominal lymph nodes,12,0.006514657980456026
434592,B-cell lymphoma (clinical),14,0.00760043431053203
4038838,Non-Hodgkin's lymphoma (clinical),23,0.01248642779587405
4082311,B-cell chronic lymphocytic leukemia,10,0.0054288816503800215
135496,Acute leukemia in remission,11,0.005971769815418024
138708,Acute leukemia,11,0.005971769815418024
442108,Benign neoplasm of cecum,17,0.009229098805646038
442111,Benign neoplasm of ascending colon,27,0.014657980456026058
444444,Benign neoplasm of transverse colon,23,0.01248642779587405
442104,Benign neoplasm of descending colon,21,0.011400651465798045
4112852,Benign lipomatous tumor,11,0.005971769815418024
4033837,Melanocytic nevus of trunk,11,0.005971769815418024
4271013,Melanocytic nevus,84,0.04560260586319218
192854,Intramural leiomyoma of uterus,21,0.011400651465798045
4003171,Benign neoplasm of meninges,10,0.0054288816503800215
4242816,Benign neoplasm of pituitary gland,17,0.009229098805646038
4252861,Benign neoplasm of autonomic nerve,10,0.0054288816503800215
438990,Benign neuroendocrine tumor,15,0.008143322475570033
4002359,Monoclonal gammopathy (clinical),21,0.011400651465798045
4028253,Neoplasm of digestive system,26,0.014115092290988056
4313365,Neoplasm of uncertain behavior of brain,14,0.00760043431053203
37119138,Iron deficiency anemia due to blood loss,66,0.035830618892508145
432588,Megaloblastic anemia due to vitamin B-12 deficiency,15,0.008143322475570033
4280354,Nutritional anemia,35,0.019001085776330078
441264,Primary thrombocytopenia,17,0.009229098805646038
35624757,Neutropenia due to and following chemotherapy,22,0.011943539630836048
435775,Genetic anomaly of leukocyte,13,0.007057546145494028
4281826,Lymphocytosis,23,0.01248642779587405
434910,Monocytosis,11,0.005971769815418024
4044745,Splenic infarction,13,0.007057546145494028
435790,Secondary polycythemia,13,0.007057546145494028
201265,Disorder of spleen,21,0.011400651465798045
141825,Simple goiter,12,0.006514657980456026
138717,Toxic diffuse goiter,13,0.007057546145494028
138387,Thyrotoxicosis,18,0.009771986970684038
4032787,Hyperosmolarity,21,0.011400651465798045
442793,Complication due to diabetes mellitus,95,0.05157437567861021
443731,Renal disorder due to type 2 diabetes mellitus,37,0.02008686210640608
43531578,Chronic kidney disease due to type 2 diabetes mellitus,113,0.061346362649294245
443733,Disorder of eye due to type 2 diabetes mellitus,20,0.010857763300760043
43530685,Proliferative retinopathy due to type 2 diabetes mellitus,10,0.0054288816503800215
376065,Disorder of nervous system due to type 2 diabetes mellitus,16,0.008686210640608035
37017432,Polyneuropathy due to type 2 diabetes mellitus,27,0.014657980456026058
37016768,Autonomic neuropathy due to type 2 diabetes mellitus,13,0.007057546145494028
443729,Peripheral circulatory disorder due to type 2 diabetes mellitus,36,0.019543973941368076
43530690,Foot ulcer due to type 2 diabetes mellitus,13,0.007057546145494028
45757363,Hypoglycemia due to type 2 diabetes mellitus,25,0.013572204125950055
133729,Hyperparathyroidism,26,0.014115092290988056
40443308,Polycystic ovary syndrome,14,0.00760043431053203
31821,Disorder of endocrine system,12,0.006514657980456026
4146209,Iron deficiency,20,0.010857763300760043
4100857,Extreme obesity with alveolar hypoventilation,16,0.008686210640608035
435516,Lipoprotein deficiency disorder,13,0.007057546145494028
443539,Injury due to motor vehicle accident,15,0.008143322475570033
441536,Mixed acid-base balance disorder,31,0.016829533116178068
137820,Postoperative hypothyroidism,34,0.018458197611292075
440303,Postoperative seroma,10,0.0054288816503800215
438028,Poisoning by drug AND/OR medicinal substance,50,0.02714440825190011
374888,Dementia associated with another disease,21,0.011400651465798045
43530666,Dementia with behavioral disturbance,10,0.0054288816503800215
381537,Organic anxiety disorder,27,0.014657980456026058
439005,Chronic alcoholism in remission,13,0.007057546145494028
375519,Alcohol withdrawal syndrome,17,0.009229098805646038
36714559,Disorder caused by alcohol,13,0.007057546145494028
4032799,Opioid-induced organic mental disorder,17,0.009229098805646038
434327,Cannabis abuse,21,0.011400651465798045
4209423,Nicotine dependence,99,0.05374592833876222
4239381,Psychoactive substance abuse,11,0.005971769815418024
4049623,"Moderate major depression, single episode",10,0.0054288816503800215
4228802,Mild recurrent major depression,13,0.007057546145494028
4077577,Moderate recurrent major depression,20,0.010857763300760043
444100,Mood disorder,19,0.01031487513572204
442306,Adjustment disorder with depressed mood,34,0.018458197611292075
435784,Somatoform disorder,18,0.009771986970684038
4215402,Primary insomnia,11,0.005971769815418024
4138617,Psychophysiologic insomnia,20,0.010857763300760043
374905,Non-organic sleep disorder,14,0.00760043431053203
438409,Attention deficit hyperactivity disorder,17,0.009229098805646038
443782,Tremor,45,0.024429967426710098
378419,Alzheimer's disease,11,0.005971769815418024
439795,Minimal cognitive impairment,20,0.010857763300760043
43530652,Chronic intractable migraine without aura,11,0.005971769815418024
46270383,Headache caused by drug,10,0.0054288816503800215
375527,Headache disorder,18,0.009771986970684038
435786,Disorder of sleep-wake cycle,18,0.009771986970684038
435524,Sleep disorder,45,0.024429967426710098
379801,Trigeminal neuralgia,11,0.005971769815418024
372888,Sciatic nerve lesion,12,0.006514657980456026
4134455,Mononeuropathy,22,0.011943539630836048
381551,Polyneuropathy due to drug,28,0.01520086862106406
4174262,Polyneuropathy,97,0.05266015200868621
40482237,Hemiplegia of dominant side,10,0.0054288816503800215
40480429,Hemiplegia of nondominant side,14,0.00760043431053203
4150125,Persistent pain following procedure,179,0.09717698154180239
440385,Obstructive hydrocephalus,10,0.0054288816503800215
373764,Toxic encephalopathy,24,0.013029315960912053
377845,Anoxic encephalopathy,10,0.0054288816503800215
4046448,Cerebrospinal fluid leak,11,0.005971769815418024
376106,Disorder of the central nervous system,23,0.01248642779587405
140708,Myelopathy due to another disorder,10,0.0054288816503800215
36713126,Blepharitis of left eyelid,17,0.009229098805646038
374044,Ptosis of eyelid,26,0.014115092290988056
379019,Conjunctivitis,13,0.007057546145494028
376124,Pinguecula,12,0.006514657980456026
432895,Cortical senile cataract,17,0.009229098805646038
376400,Combined form of senile cataract,11,0.005971769815418024
3663197,Glaucoma suspect,27,0.014657980456026058
381290,Ocular hypertension,14,0.00760043431053203
316127,Vitreous opacities,28,0.01520086862106406
4023310,Blindness AND/OR vision impairment level,25,0.013572204125950055
373499,Disorder of eye region,19,0.01031487513572204
372324,Eustachian tube disorder,22,0.011943539630836048
81878,Benign paroxysmal positional vertigo,22,0.011943539630836048
4110815,"Sensorineural hearing loss, bilateral",51,0.02768729641693811
436421,"Mixed conductive and sensorineural hearing loss, bilateral",10,0.0054288816503800215
379832,Mixed conductive AND sensorineural hearing loss,21,0.011400651465798045
43021779,Hearing loss of left ear,12,0.006514657980456026
374367,Bilateral hearing loss,24,0.013029315960912053
377575,Tinnitus,41,0.02225841476655809
45763549,Bilateral tinnitus,27,0.014657980456026058
4222174,Rheumatic disease of mitral valve,19,0.01031487513572204
435829,Rheumatic disease of heart valve,64,0.03474484256243214
4108235,"Combined disorders of mitral, aortic and tricuspid valves",23,0.01248642779587405
4108234,Multiple valve disease,25,0.013572204125950055
444101,Hypertensive heart failure,93,0.050488599348534204
319034,Hypertensive heart disease without congestive heart failure,25,0.013572204125950055
443919,Hypertensive renal failure,39,0.021172638436482084
439696,Hypertensive heart and renal disease with (congestive) heart failure,89,0.048317046688382194
44784621,Hypertensive heart and chronic kidney disease,30,0.016286644951140065
40481896,Hypertensive urgency,14,0.00760043431053203
4296653,Acute ST segment elevation myocardial infarction,48,0.026058631921824105
4270024,Acute non-ST segment elevation myocardial infarction,74,0.04017372421281216
319844,Acute ischemic heart disease,38,0.02062975027144408
36712982,Unstable angina co-occurrent and due to coronary arteriosclerosis,18,0.009771986970684038
36712983,Angina co-occurrent and due to coronary arteriosclerosis,50,0.02714440825190011
4110961,Generalized ischemic myocardial dysfunction,36,0.019543973941368076
443563,Arteriosclerosis of coronary artery bypass graft,21,0.011400651465798045
36712779,Chronic total occlusion of coronary artery,20,0.010857763300760043
312927,Acute cor pulmonale,10,0.0054288816503800215
4322024,Pulmonary hypertension,71,0.03854505971769816
43020910,Pulmonary hypertension due to left heart disease,13,0.007057546145494028
44782732,Chronic pulmonary embolism,18,0.009771986970684038
320116,Acute pericarditis,10,0.0054288816503800215
4108814,Pericardial effusion - noninflammatory,63,0.03420195439739414
45766207,Non-rheumatic mitral valve stenosis with regurgitation,73,0.039630836047774155
4252872,Mitral valve prolapse,20,0.010857763300760043
45769461,Non-rheumatic mitral valve disease,31,0.016829533116178068
4111409,"Aortic incompetence, non-rheumatic",32,0.01737242128121607
4158911,Non-rheumatic heart valve disorder,57,0.030944625407166124
318448,Second degree atrioventricular block,34,0.018458197611292075
4295336,Left anterior fascicular block,58,0.031487513572204126
4250169,Bifascicular block,38,0.02062975027144408
4154290,Paroxysmal atrial fibrillation,140,0.07600434310532031
4232697,Persistent atrial fibrillation,57,0.030944625407166124
45768480,Longstanding persistent atrial fibrillation,13,0.007057546145494028
4141360,Chronic atrial fibrillation,72,0.03908794788273615
36714994,Typical atrial flutter,19,0.01031487513572204
437894,Ventricular fibrillation,16,0.008686210640608035
4115173,Atrial premature complex,134,0.0727470141150923
4237062,Mural thrombus of heart,16,0.008686210640608035
314383,Myocarditis,16,0.008686210640608035
40479589,Takotsubo cardiomyopathy,12,0.006514657980456026
4148906,Spontaneous subarachnoid hemorrhage,15,0.008143322475570033
43530727,Spontaneous cerebral hemorrhage,23,0.01248642779587405
45772786,Cerebral infarction due to embolism of middle cerebral artery,10,0.0054288816503800215
4288310,Carotid artery obstruction,36,0.019543973941368076
372924,Cerebral artery occlusion,10,0.0054288816503800215
316437,Cerebral atherosclerosis,15,0.008143322475570033
43530742,Paralytic syndrome on one side of the body as late effect of cerebrovascular accident,20,0.010857763300760043
37110250,Atherosclerosis of artery of lower limb,31,0.016829533116178068
36717006,Intermittent claudication of bilateral lower limbs co-occurrent and due to atherosclerosis,12,0.006514657980456026
197304,Ulcer of lower extremity,10,0.0054288816503800215
441051,Thoracic aortic aneurysm without rupture,39,0.021172638436482084
321314,Abdominal aortic aneurysm without rupture,23,0.01248642779587405
312337,Arterial embolus and thrombosis,11,0.005971769815418024
36717267,Ectasia of thoracic aorta,28,0.01520086862106406
40481089,Embolism from thrombosis of vein of lower extremity,39,0.021172638436482084
40488439,Abnormality of systemic vein,21,0.011400651465798045
40480453,Disorder of vein of lower extremity,21,0.011400651465798045
44782760,Acute thrombosis of superficial vein of upper extremity,28,0.01520086862106406
44782751,Acute deep venous thrombosis of axillary vein,16,0.008686210640608035
318169,Varicose veins of lower extremity,12,0.006514657980456026
22340,Esophageal varices without bleeding,14,0.00760043431053203
4109883,"Esophageal varices without bleeding, associated with another disorder",10,0.0054288816503800215
4237824,Gastric varices,10,0.0054288816503800215
317003,Compression of vein,23,0.01248642779587405
4234997,Disorder of vein,13,0.007057546145494028
43022062,Cardiovascular system complication of procedure,26,0.014115092290988056
141323,Acute maxillary sinusitis,26,0.014115092290988056
3661408,Pneumonia caused by SARS-CoV-2,21,0.011400651465798045
4133224,Lobar pneumonia,34,0.018458197611292075
4280726,Seasonal allergic rhinitis,30,0.016286644951140065
259848,Chronic rhinitis,30,0.016286644951140065
4230641,Chronic pansinusitis,18,0.009771986970684038
261599,Vocal cord paralysis,17,0.009229098805646038
254669,Disorder of vocal cord,11,0.005971769815418024
255841,Chronic bronchitis,26,0.014115092290988056
4286497,Centriacinar emphysema,13,0.007057546145494028
257004,Acute exacerbation of chronic obstructive airways disease,32,0.01737242128121607
4146581,Mild intermittent asthma,43,0.023344191096634093
4138760,Exacerbation of intermittent asthma,16,0.008686210640608035
45768963,Uncomplicated mild persistent asthma,15,0.008143322475570033
45768964,Uncomplicated moderate persistent asthma,18,0.009771986970684038
257581,Acute asthma,24,0.013029315960912053
45768910,Uncomplicated asthma,144,0.0781758957654723
4195694,Acute respiratory distress syndrome,20,0.010857763300760043
4197819,Fibrosis of lung,32,0.01737242128121607
4119786,Interstitial lung disease,38,0.02062975027144408
4050884,Pleural plaque,13,0.007057546145494028
4135466,Hemothorax,17,0.009229098805646038
46271075,Acute hypoxemic respiratory failure,99,0.05374592833876222
46273719,Acute hypercapnic respiratory failure,31,0.016829533116178068
4177862,Chronic hypoxemic respiratory failure,33,0.017915309446254073
4140438,Chronic hypercapnic respiratory failure,16,0.008686210640608035
37016114,Acute on chronic hypoxemic respiratory failure,49,0.026601520086862108
36716978,Acute on chronic hypercapnic respiratory failure,18,0.009771986970684038
37395564,Hypoxemic respiratory failure,10,0.0054288816503800215
260131,Disorder of bronchus,37,0.02008686210640608
4057432,Mediastinal emphysema,19,0.01031487513572204
133228,Dental caries,22,0.011943539630836048
4025325,Periapical abscess,34,0.018458197611292075
134398,Periodontal disease,10,0.0054288816503800215
27587,Disturbance of salivary secretion,12,0.006514657980456026
37016130,Lesion of oral mucosa,24,0.013029315960912053
4224926,Obstruction of esophagus,16,0.008686210640608035
134681,Diffuse spasm of esophagus,20,0.010857763300760043
4248429,Gastric ulcer without hemorrhage AND without perforation,30,0.016286644951140065
4198381,Ulcer of duodenum,14,0.00760043431053203
199866,Acute gastritis,15,0.008143322475570033
4225273,Chronic gastritis,56,0.03040173724212812
433516,Duodenitis,23,0.01248642779587405
4303233,Gastric polyp,20,0.010857763300760043
4310400,Acute appendicitis,10,0.0054288816503800215
4134603,Vascular disorder of intestine,13,0.007057546145494028
4164898,Diverticulosis of large intestine without diverticulitis,91,0.0494028230184582
4260535,Diverticulitis of large intestine,14,0.00760043431053203
4266809,Diverticular disease,35,0.019001085776330078
4057826,Irritable bowel syndrome with diarrhea,12,0.006514657980456026
79061,Slow transit constipation,15,0.008143322475570033
201905,Constipation by outlet obstruction,13,0.007057546145494028
4216644,Rectal polyp,13,0.007057546145494028
196160,Fistula of intestine,15,0.008143322475570033
4285898,Polyp of colon,57,0.030944625407166124
197006,Residual hemorrhoidal skin tags,35,0.019001085776330078
194690,Nontraumatic hemoperitoneum,14,0.00760043431053203
46269816,Ascites due to alcoholic cirrhosis,12,0.006514657980456026
4055224,Toxic liver disease,10,0.0054288816503800215
4245975,Hepatic failure,53,0.028773072747014114
4340390,Chronic hepatic failure,17,0.009229098805646038
40484532,Nonalcoholic steatohepatitis,17,0.009229098805646038
4059290,Steatosis of liver,89,0.048317046688382194
200451,Chronic passive congestion of liver,17,0.009229098805646038
196726,Gallbladder calculus with acute cholecystitis and no obstruction,11,0.005971769815418024
443785,Calculus of gallbladder with cholecystitis,10,0.0054288816503800215
196456,Gallstone,61,0.03311617806731813
4284982,Calculus of bile duct without obstruction,12,0.006514657980456026
4151134,Cyst of pancreas,15,0.008143322475570033
4008556,Pseudocyst of pancreas,12,0.006514657980456026
4186463,Exocrine pancreatic insufficiency,21,0.011400651465798045
4308835,Postoperative hematoma formation,17,0.009229098805646038
4103703,Melena,69,0.03745928338762215
4201745,Disorder of digestive system,135,0.0732899022801303
4214610,Abscess of abdominal wall,12,0.006514657980456026
4137468,Abscess of skin and/or subcutaneous tissue,20,0.010857763300760043
4320944,Cellulitis of toe,14,0.00760043431053203
759853,Cellulitis of right lower limb,25,0.013572204125950055
759852,Cellulitis of left lower limb,16,0.008686210640608035
435613,Cellulitis,39,0.021172638436482084
4064036,Generalized skin eruption caused by drug and medicament,20,0.010857763300760043
4204991,Lichen simplex chronicus,10,0.0054288816503800215
135618,Pruritic rash,79,0.04288816503800217
4242574,Intertrigo,20,0.010857763300760043
4061844,Skin changes due to chronic exposure to non-ionizing radiation,16,0.008686210640608035
139099,Ingrowing nail,13,0.007057546145494028
4031164,Non-scarring alopecia,32,0.01737242128121607
4227594,Acne vulgaris,20,0.010857763300760043
4170770,Epidermoid cyst,18,0.009771986970684038
137351,Epidermoid cyst of skin,11,0.005971769815418024
4065364,Follicular cysts of skin and subcutaneous tissue,11,0.005971769815418024
4172432,Hyperpigmentation of skin,35,0.019001085776330078
4185471,Disorder of pigmentation,15,0.008143322475570033
4067069,Callosity,18,0.009771986970684038
4228361,Asteatosis cutis,35,0.019001085776330078
141375,Hypertrophic condition of skin,38,0.02062975027144408
4025938,Pressure ulcer of sacral region,17,0.009229098805646038
135340,Pressure ulcer stage 3,12,0.006514657980456026
200485,Pressure ulcer of buttock,11,0.005971769815418024
134118,Atrophic condition of skin,13,0.007057546145494028
4058388,Hypertrophic scar,17,0.009229098805646038
4181965,Chronic ulcer of foot,24,0.013029315960912053
46269757,Chronic ulcer of skin of lower leg,12,0.006514657980456026
134441,Chronic ulcer of skin,30,0.016286644951140065
4153359,Arthritis of spine,11,0.005971769815418024
4083556,Seronegative rheumatoid arthritis,12,0.006514657980456026
4084229,Primary gout,21,0.011400651465798045
4079749,Osteoarthritis of hip,66,0.035830618892508145
4242103,Osteoarthrosis of the carpometacarpal joint of the thumb,19,0.01031487513572204
75036,"Localized, primary osteoarthritis of the hand",20,0.010857763300760043
46272380,Chronic gout without tophus,17,0.009229098805646038
4264617,Foot-drop,14,0.00760043431053203
4042501,Disorder of hip,11,0.005971769815418024
4117713,Ankle joint effusion,15,0.008143322475570033
4170554,Hip pain,150,0.08143322475570032
601622,Pain of left knee region,129,0.07003257328990228
604801,Pain of knee region,43,0.023344191096634093
45757591,Osteophyte of bone,35,0.019001085776330078
4134443,Disorder of knee,10,0.0054288816503800215
4177851,Disorder of hip joint,13,0.007057546145494028
253549,Disorder of connective tissue,11,0.005971769815418024
4069935,Idiopathic scoliosis,10,0.0054288816503800215
36713107,Lumbar spondylolisthesis,32,0.01737242128121607
4208390,Inflammation of sacroiliac joint,12,0.006514657980456026
608180,Radiculopathy due to cervical spondylosis,10,0.0054288816503800215
4346975,Lumbar spondylosis,57,0.030944625407166124
77079,Spinal stenosis,23,0.01248642779587405
321661,Spinal stenosis of thoracic region,15,0.008143322475570033
4119307,Neurogenic claudication,30,0.016286644951140065
4152592,Lumbosacral stenosis,17,0.009229098805646038
4204781,Collapse of lumbar vertebra,12,0.006514657980456026
40483292,Displacement of cervical intervertebral disc,13,0.007057546145494028
141104,Intervertebral disc disorder of lumbar region with myelopathy,23,0.01248642779587405
4068482,Prolapsed lumbar intervertebral disc,36,0.019543973941368076
443769,Degeneration of lumbar intervertebral disc,49,0.026601520086862108
74132,Degeneration of lumbosacral intervertebral disc,21,0.011400651465798045
4216397,Nerve root disorder,28,0.01520086862106406
137548,Cervical radiculopathy,38,0.02062975027144408
4134121,Lumbar radiculopathy,63,0.03420195439739414
4001450,Lumbago with sciatica,61,0.03311617806731813
4216083,Cervico-occipital neuralgia,10,0.0054288816503800215
4002818,Spasm of back muscles,11,0.005971769815418024
140821,Spasm,79,0.04288816503800217
74728,Synovitis and tenosynovitis,33,0.017915309446254073
4244662,Disorder of musculoskeletal system,51,0.02768729641693811
4297894,Greater trochanteric pain syndrome,25,0.013572204125950055
4347174,Synovial cyst of knee,20,0.010857763300760043
134460,Plantar fascial fibromatosis,27,0.014657980456026058
4172970,Nontraumatic rotator cuff tear,27,0.014657980456026058
4344500,Impingement syndrome of shoulder region,21,0.011400651465798045
373852,Neuralgia,41,0.02225841476655809
4115170,Pain in right arm,35,0.019001085776330078
4115169,Pain in left arm,42,0.02280130293159609
4115171,Pain in right lower limb,79,0.04288816503800217
762296,Pain in right hand,36,0.019543973941368076
4204199,Hand pain,34,0.018458197611292075
4302739,Thigh pain,24,0.013029315960912053
762294,Pain in right foot,67,0.03637350705754615
765131,Pain in left foot,66,0.035830618892508145
4111231,Pain in toe,31,0.016829533116178068
600858,Nontraumatic hematoma of soft tissue,11,0.005971769815418024
444211,Disorder of thigh,18,0.009771986970684038
72986,Disorder of lower leg,11,0.005971769815418024
135350,Acute osteomyelitis of ankle and/or foot,11,0.005971769815418024
134735,Chronic osteomyelitis,10,0.0054288816503800215
132412,Post-laminectomy syndrome,13,0.007057546145494028
4280571,Acute pyelonephritis,16,0.008686210640608035
42537304,Hydronephrosis due to calculus of kidney and ureter,15,0.008143322475570033
199065,Stricture of ureter,16,0.008686210640608035
194406,Urinary tract obstruction,30,0.016286644951140065
45763854,Chronic kidney disease stage 3A,38,0.02062975027144408
45763855,Chronic kidney disease stage 3B,22,0.011943539630836048
37018854,Hematuria co-occurrent and due to acute cystitis,25,0.013572204125950055
37206607,Overactive bladder,23,0.01248642779587405
198803,Benign prostatic hyperplasia,88,0.04777415852334419
196734,Disorder of prostate,12,0.006514657980456026
196738,Disorder of male genital organ,32,0.01737242128121607
3655355,Erectile dysfunction,37,0.02008686210640608
79072,Inflammatory disorder of breast,12,0.006514657980456026
765053,Lump in right breast,15,0.008143322475570033
73819,Pain of breast,31,0.016829533116178068
45757371,Deformity of reconstructed breast,11,0.005971769815418024
4268895,Female pelvic peritoneal adhesions,17,0.009229098805646038
4081648,Acute vaginitis,20,0.010857763300760043
4311159,Midline cystocele,14,0.00760043431053203
195867,Noninflammatory disorder of the vagina,51,0.02768729641693811
195603,Vulval and/or perineal noninflammatory disorders,12,0.006514657980456026
443800,Amenorrhea,28,0.01520086862106406
197607,Excessive and frequent menstruation,17,0.009229098805646038
4169954,Genitourinary tract hemorrhage,44,0.023887079261672096
194696,Dysmenorrhea,15,0.008143322475570033
200452,Disorder of female genital organs,34,0.018458197611292075
439082,Menopausal syndrome,21,0.011400651465798045
4084768,Uncertain viability of pregnancy,11,0.005971769815418024
4053583,Disorder of placenta,18,0.009771986970684038
45757113,False labor before 37 completed weeks of gestation,13,0.007057546145494028
4169095,Bradycardia,115,0.06243213897937025
4262562,Abnormal heart beat,39,0.021172638436482084
4096682,Bleeding from nose,46,0.0249728555917481
4195384,Chronic cough,10,0.0054288816503800215
194475,Hiccoughs,17,0.009229098805646038
4248728,Snoring,23,0.01248642779587405
4195085,Nasal congestion,47,0.025515743756786103
4306292,Upper abdominal pain,31,0.016829533116178068
4147829,Pain in pelvis,57,0.030944625407166124
40481920,Periumbilical pain,40,0.021715526601520086
440530,Oropharyngeal dysphagia,23,0.01248642779587405
45757559,Pharyngeal dysphagia,12,0.006514657980456026
4091513,Passing flatus,13,0.007057546145494028
4338120,Altered bowel function,12,0.006514657980456026
4093347,Stool finding,58,0.031487513572204126
4302537,Digestive system finding,20,0.010857763300760043
4155909,Anesthesia of skin,99,0.05374592833876222
4236484,Paresthesia,74,0.04017372421281216
137682,Skin sensation disturbance,23,0.01248642779587405
4042836,Disorder of head,37,0.02008686210640608
4166125,"Localized swelling, mass and lump, neck",30,0.016286644951140065
4168701,"Localized swelling, mass and lump, upper limb",22,0.011943539630836048
4171919,"Localized swelling, mass and lump, lower limb",34,0.018458197611292075
140842,Changes in skin texture,23,0.01248642779587405
141960,Skin finding,22,0.011943539630836048
36714126,Difficulty walking,38,0.02062975027144408
4092743,Unsteady when standing,37,0.02008686210640608
4059015,Falls,31,0.016829533116178068
443200,Nervous system symptoms,18,0.009771986970684038
135930,Musculoskeletal finding,79,0.04288816503800217
4101362,Finding of urine output,27,0.014657980456026058
200843,Finding of frequency of urination,81,0.043973941368078175
4041285,Urogenital finding,22,0.011943539630836048
4304798,Glasgow coma scale finding,10,0.0054288816503800215
4268911,Disorientated,84,0.04560260586319218
4254485,Finding related to attentiveness,39,0.021172638436482084
433031,Hallucinations,14,0.00760043431053203
4273391,Suicidal thoughts,32,0.01737242128121607
4025215,Emotional state finding,21,0.011400651465798045
4125590,Slurred speech,12,0.006514657980456026
43530637,Postprocedural fever,23,0.01248642779587405
4090207,Senile asthenia,18,0.009771986970684038
372448,Loss of consciousness,111,0.06026058631921824
4165998,Generalized enlarged lymph nodes,32,0.01737242128121607
4155910,"Edema, generalized",28,0.01520086862106406
36712860,Non-infectious systemic inflammatory response syndrome without acute organ failure,33,0.017915309446254073
4226991,Xerostomia,15,0.008143322475570033
4041283,General finding of observation of patient,67,0.03637350705754615
4013526,ESR raised,10,0.0054288816503800215
37018196,Prediabetes,116,0.06297502714440825
4166144,Abnormal level of blood mineral,12,0.006514657980456026
4306267,Coag./bleeding tests abnormal,78,0.04234527687296417
4265485,Bacteriuria,18,0.009771986970684038
4009585,Abnormal urine,37,0.02008686210640608
40484908,Imaging of brain abnormal,27,0.014657980456026058
45757639,Mammographic microcalcification of breast,10,0.0054288816503800215
44783760,Mammographic calcification of breast,15,0.008143322475570033
440529,Abnormal findings on diagnostic imaging of urinary organs,12,0.006514657980456026
4256761,Imaging result abnormal,45,0.024429967426710098
441969,Radiology result abnormal,48,0.026058631921824105
4168553,Electroencephalogram abnormal,38,0.02062975027144408
432451,Abnormal results function studies of central nervous system,20,0.010857763300760043
443702,Abnormal response to nerve stimulation,13,0.007057546145494028
4331284,Contusion of scalp,23,0.01248642779587405
42536696,Contusion of head,11,0.005971769815418024
4307254,Closed fracture,14,0.00760043431053203
378001,Concussion with no loss of consciousness,11,0.005971769815418024
4168796,Muscle strain,22,0.011943539630836048
24818,Injury of neck,28,0.01520086862106406
75941,Closed fracture of one rib,24,0.013029315960912053
4128914,Fracture of multiple ribs,10,0.0054288816503800215
4234083,Traumatic pneumothorax,14,0.00760043431053203
4094683,Chest injury,34,0.018458197611292075
4151985,Lower back injury,16,0.008686210640608035
200588,Injury of abdomen,15,0.008143322475570033
4048512,Sprain of upper extremity,12,0.006514657980456026
4056717,Injury of muscle and tendon at hip and thigh level,11,0.005971769815418024
40483134,Strain of muscle and/or tendon of thigh,10,0.0054288816503800215
4053604,Open wound of lower leg,18,0.009771986970684038
444131,Injury of lower leg,24,0.013029315960912053
4054067,Open wound of foot,14,0.00760043431053203
444130,Injury of foot,18,0.009771986970684038
432795,Traumatic or non-traumatic injury,90,0.048859934853420196
4094822,Foreign body in respiratory tract,18,0.009771986970684038
37205080,Disorder due to and following drug poisoning,22,0.011943539630836048
436581,Accidental poisoning,44,0.023887079261672096
435119,Late effect of injury,21,0.011400651465798045
432791,Angioedema,11,0.005971769815418024
42537043,CLABSI - central line associated bloodstream infection,10,0.0054288816503800215
200618,Postoperative shock,11,0.005971769815418024
4300243,Postoperative complication,12,0.006514657980456026
4008710,"Stenosis due to any device, implant AND/OR graft",23,0.01248642779587405
4085586,"Thrombus due to any device, implant AND/OR graft",32,0.01737242128121607
4308394,"Infection and inflammatory reaction due to prosthetic device, implant and graft in urinary system",14,0.00760043431053203
4308696,Pain due to internal prosthetic device,15,0.008143322475570033
4207623,Lung transplant rejection,13,0.007057546145494028
440005,Complication of medical care,16,0.008686210640608035
4160859,Methicillin resistant Staphylococcus aureus carrier,20,0.010857763300760043
42537745,Bone marrow transplant present,27,0.014657980456026058
42537741,Transplant present,54,0.029315960912052116
36715792,Acquired absence of breast,22,0.011943539630836048
42537729,Aortocoronary bypass graft present,97,0.05266015200868621
435988,"Motor vehicle accident, driver",11,0.005971769815418024
441840,Clinical finding,45,0.024429967426710098
4079499,Convalescence after radiotherapy,12,0.006514657980456026
4167696,Estrogen receptor positive tumor,15,0.008143322475570033
434547,Complication of surgical procedure,135,0.0732899022801303
440933,Effects of accidental exposure to external cause,35,0.019001085776330078
4280828,Infectious disease carrier,15,0.008143322475570033
4132434,"Gestation period, 8 weeks",29,0.015743756786102063
433864,"Gestation period, 31 weeks",22,0.011943539630836048
4107655,Finding relating to psychosocial functioning,15,0.008143322475570033
46286594,Problem related to lifestyle,25,0.013572204125950055
4310235,Reduced mobility,36,0.019543973941368076
4128329,Menopause present,78,0.04234527687296417
4093531,Absence of toe,11,0.005971769815418024
4170145,Absence of lung,17,0.009229098805646038
201891,Disorder of stomach,19,0.01031487513572204
4092879,Absent kidney,22,0.011943539630836048
42537730,Coronary artery graft present,73,0.039630836047774155
437758,Dependence on enabling machine or device,39,0.021172638436482084
373449,Drug-induced delirium,14,0.00760043431053203
4122339,Drug-induced immunodeficiency,24,0.013029315960912053
379031,Pain in eye,19,0.01031487513572204
378161,Disorder of ear,24,0.013029315960912053
44782741,Chronic deep venous thrombosis of upper extremity,10,0.0054288816503800215
28060,Streptococcal sore throat,11,0.005971769815418024
199860,Hernia of abdominal cavity,18,0.009771986970684038
137945,Pressure ulcer stage 2,20,0.010857763300760043
74635,Lumbosacral radiculopathy,21,0.011400651465798045
40481632,Ganglion cyst,11,0.005971769815418024
4000968,Biceps tendinitis,11,0.005971769815418024
762212,Bursitis of right shoulder,10,0.0054288816503800215
4191650,Acute respiratory distress,13,0.007057546145494028
436231,Abnormal findings diagnostic imaging of liver+biliary tract,20,0.010857763300760043
4056006,Contusion of anterior abdominal wall,18,0.009771986970684038
198678,Intestinal infectious disease,10,0.0054288816503800215
253954,Pulmonary tuberculosis,14,0.00760043431053203
40493038,Sepsis due to Gram negative bacteria,19,0.01031487513572204
80951,Candidiasis of urogenital site,13,0.007057546145494028
4312023,Secondary malignant neoplasm of intra-abdominal organs,11,0.005971769815418024
432863,Acquired coagulation factor deficiency,32,0.01737242128121607
444243,Neurosis,10,0.0054288816503800215
43530681,Drug abuse in remission,16,0.008686210640608035
381859,Infective otitis externa,10,0.0054288816503800215
4108659,Mitral and aortic incompetence,12,0.006514657980456026
4185932,Ischemic heart disease,13,0.007057546145494028
4132130,Dilatation of aorta,21,0.011400651465798045
4207615,Thrombosis of vein of trunk,10,0.0054288816503800215
194382,External hemorrhoids,14,0.00760043431053203
195851,"Gastric ulcer without hemorrhage, without perforation AND without obstruction",14,0.00760043431053203
201069,"Peptic ulcer without hemorrhage, without perforation AND without obstruction",13,0.007057546145494028
193252,Diverticulosis of small intestine,10,0.0054288816503800215
194997,Prostatitis,10,0.0054288816503800215
255334,Collagen disease,10,0.0054288816503800215
78517,Multiple joint pain,10,0.0054288816503800215
74725,Displacement of cervical intervertebral disc without myelopathy,10,0.0054288816503800215
36716270,Cyst of kidney,12,0.006514657980456026
37108814,Inconclusive mammography finding,16,0.008686210640608035
80593,Urinary complication,11,0.005971769815418024
40489908,Sepsis due to Streptococcus,10,0.0054288816503800215
439676,Coronavirus infection,11,0.005971769815418024
437222,Respiratory syncytial virus infection,10,0.0054288816503800215
444459,Benign neoplasm of sigmoid colon,21,0.011400651465798045
441818,Hemangioma,22,0.011943539630836048
4207539,Syndrome of inappropriate vasopressin secretion,23,0.01248642779587405
35622958,Disorder in remission,11,0.005971769815418024
40479573,Stimulant abuse,12,0.006514657980456026
4058397,Claustrophobia,12,0.006514657980456026
380111,Acute atopic conjunctivitis,10,0.0054288816503800215
378756,Conjunctival hemorrhage,14,0.00760043431053203
4040820,Rheumatic disease of mitral AND aortic valves,13,0.007057546145494028
37309626,Myocardial infarction due to demand ischemia,23,0.01248642779587405
4242669,Biventricular congestive heart failure,11,0.005971769815418024
4120275,Drug-induced hypotension,16,0.008686210640608035
4121463,Postoperative cardiac complication,10,0.0054288816503800215
257315,Bacterial pneumonia,21,0.011400651465798045
4110056,Chronic obstructive pulmonary disease with acute lower respiratory infection,14,0.00760043431053203
4211001,Chronic gastric ulcer with hemorrhage,14,0.00760043431053203
40483171,Ulcer of anorectal structure,12,0.006514657980456026
134438,Contact dermatitis,13,0.007057546145494028
4336254,Dystrophia unguium,14,0.00760043431053203
40483262,Arthritis of shoulder region joint,14,0.00760043431053203
81378,Chondromalacia of patella,11,0.005971769815418024
4203555,Collapse of thoracic vertebra,11,0.005971769815418024
4024561,Pain in lower limb,28,0.01520086862106406
196158,Disorder of penis,12,0.006514657980456026
4171394,Abnormal menstrual cycle,13,0.007057546145494028
4171379,Disorder of the genitourinary system,10,0.0054288816503800215
315361,Orthopnea,10,0.0054288816503800215
26823,Oral phase dysphagia,11,0.005971769815418024
4279681,Hepatosplenomegaly,12,0.006514657980456026
378256,Abnormal reflex,10,0.0054288816503800215
4275359,Mental alertness - finding,15,0.008143322475570033
4168212,Restlessness and agitation,25,0.013572204125950055
4171776,Abnormal findings on diagnostic imaging of limbs,10,0.0054288816503800215
4057044,Injury of muscle and tendon at neck level,10,0.0054288816503800215
40492392,Closed fracture of fibula,12,0.006514657980456026
444199,Iatrogenic disorder,11,0.005971769815418024
4334801,Surgical site infection,20,0.010857763300760043
36712821,Postprocedural infection,17,0.009229098805646038
42539582,Acquired absence of genital organ,21,0.011400651465798045
46270151,Dependence on respiratory device,27,0.014657980456026058
4295261,Postmenopausal state,37,0.02008686210640608
36716935,Acquired absence of cervix and uterus,37,0.02008686210640608
437176,Late effect of accidental fall,16,0.008686210640608035
4150981,Drug resistance,34,0.018458197611292075
4058155,Bed-ridden,27,0.014657980456026058
43021227,Allergic condition,18,0.009771986970684038
435149,Complication of internal device,44,0.023887079261672096
4123283,Disorder of stoma,12,0.006514657980456026
439620,Late effect of accidental injury,11,0.005971769815418024
438329,Late effect of motor vehicle accident,12,0.006514657980456026
4320824,Adverse effect of prosthetic device,40,0.021715526601520086
436940,Metabolic syndrome X,12,0.006514657980456026
378135,Facial nerve disorder,10,0.0054288816503800215
4038502,Eye / vision finding,11,0.005971769815418024
440748,Interstitial emphysema of lung,10,0.0054288816503800215
133834,Atopic dermatitis,21,0.011400651465798045
192731,Digestive symptom,14,0.00760043431053203
435723,Wound seroma,10,0.0054288816503800215
442105,Benign neoplasm of soft tissue,15,0.008143322475570033
432589,Neutropenia associated with infectious disease,12,0.006514657980456026
4224741,Degenerative disorder of macula,10,0.0054288816503800215
197318,Cholesterolosis of gallbladder,18,0.009771986970684038
73560,Calcaneal spur,11,0.005971769815418024
437584,Ataxia,14,0.00760043431053203
4192647,Hypovolemic shock,15,0.008143322475570033
4052226,Sequelae of injuries of lower limb,12,0.006514657980456026
4200056,Finding of vision of eye,13,0.007057546145494028
199064,Chronic vascular insufficiency of intestine,12,0.006514657980456026
42511429,"Neoplasm defined only by topography: Rectum, NOS",12,0.006514657980456026
42511309,"Neoplasm defined only by topography: Pancreas, NOS",11,0.005971769815418024
42511458,"Neoplasm defined only by topography: Lung, NOS",15,0.008143322475570033
42511408,"Neoplasm defined only by topography: Breast, NOS",16,0.008686210640608035
42514479,Neoplasm defined only by topography: Prostate gland,11,0.005971769815418024
436166,Mild hyperemesis gravidarum,11,0.005971769815418024
139906,Intervertebral disc disorder of cervical region with myelopathy,10,0.0054288816503800215
75065,Acquired deformity of spine,13,0.007057546145494028
438252,Spontaneous ecchymosis,12,0.006514657980456026
40480065,Imaging of genitourinary system abnormal,10,0.0054288816503800215
441628,Menopausal and postmenopausal disorders,10,0.0054288816503800215
4154168,Pelvic injury,18,0.009771986970684038
77162,Injury of ankle,10,0.0054288816503800215
132706,Disorder of nail,16,0.008686210640608035
81175,Contusion of chest,11,0.005971769815418024
4108215,Coronary thrombosis not resulting in myocardial infarction,16,0.008686210640608035
4266654,Abrasion and/or friction burn of skin,10,0.0054288816503800215
30284,Motion sickness,10,0.0054288816503800215
4275889,Visual hallucinations,10,0.0054288816503800215
